best_folder,budget,budget_max_disp_px,candidate_folder,candidate_index,candidate_name,case_id,clean_clip_positive_margin,clean_semantic_success_score,clip_available,clip_semantic_drop,clip_warning,crop_clip_available,crop_clip_warning,decision_label,decision_reasons,edit_failure_score,elapsed_seconds,face_id,final_attack_score,full_image_semantic_drop,generation,geometry_excess_penalty,geometry_excess_penalty_weight,geometry_method,guidance_scale,identity_or_face_health_available,image_guidance_scale,initial_candidate,input_damage_penalty,input_damage_penalty_weight,input_l2,input_max_abs,input_mean_abs,input_preservation_score,input_psnr,input_ssim,landmark_count,landmark_detector,max_disp_px,max_disp_px_budget,mean_disp_px,member,output_disruption_score,output_disruption_weight,output_l2,output_max_abs,output_mean_abs,output_psnr,output_ssim,p95_disp_px,path_clean_edit,path_flow,path_landmarks_overlay_original,path_landmarks_overlay_perturbed,path_original,path_perturbed,path_perturbed_edit,path_regions_overlay_original,perturbed_clip_positive_margin,perturbed_semantic_success_score,phase,phase2_final_score,phase2_output_disruption,phase2_score_formula,phase4_budget_name,phase4_final_score,phase4_score_formula,prompt,prompt_slug,prompt_type,rank,real_landmarks,seed,semantic_drop,semantic_drop_weight,target_input_ssim,theta_names,theta_values
phase4/outputs/phase4c_real_landmark_sanity/cases/face_003/igs_1p50/add_black_sunglasses/strong/seed_00/candidates/cand_021_g02_m09,strong,8.0,phase4/outputs/phase4c_real_landmark_sanity/cases/face_003/igs_1p50/add_black_sunglasses/strong/seed_00/candidates/cand_021_g02_m09,21,cand_021_g02_m09,face_003__add_black_sunglasses__igs_1p50,0.04381856322288513,0.04381856322288513,True,-0.0007070600986480713,,False,,metric_only_candidate,"['semantic_drop_nonpositive:-0.0007', 'semantic_drop_nonpositive:-0.0007', 'semantic_drop_nonpositive:-0.0007']",0.0,4.803011516109109,face_003,0.13036588939812616,-0.0007070600986480713,2,0.0,0.75,landmark_piecewise_affine,7.5,False,1.5,False,0.0,3.0,0.02551010908132634,0.5176470875740051,0.013553556054830551,0.012381335099538131,31.865753686826682,0.8814857602119446,478,mediapipe_python_solutions_face_mesh,4.637134552001953,8.0,1.1073912382125854,9,0.2607317787962523,0.5,0.03272261278225399,0.7960784435272217,0.0160970501601696,29.703040535458914,0.8701586723327637,2.757155656814575,phase4/outputs/phase4c_real_landmark_sanity/cases/face_003/igs_1p50/add_black_sunglasses/strong/seed_00/candidates/cand_021_g02_m09/clean_edit.png,phase4/outputs/phase4c_real_landmark_sanity/cases/face_003/igs_1p50/add_black_sunglasses/strong/seed_00/candidates/cand_021_g02_m09/flow.png,phase4/outputs/phase4c_real_landmark_sanity/cases/face_003/igs_1p50/add_black_sunglasses/strong/seed_00/candidates/cand_021_g02_m09/landmarks_overlay_original.jpg,phase4/outputs/phase4c_real_landmark_sanity/cases/face_003/igs_1p50/add_black_sunglasses/strong/seed_00/candidates/cand_021_g02_m09/landmarks_overlay_perturbed.jpg,phase4/outputs/phase4c_real_landmark_sanity/cases/face_003/igs_1p50/add_black_sunglasses/strong/seed_00/candidates/cand_021_g02_m09/original.png,phase4/outputs/phase4c_real_landmark_sanity/cases/face_003/igs_1p50/add_black_sunglasses/strong/seed_00/candidates/cand_021_g02_m09/perturbed.png,phase4/outputs/phase4c_real_landmark_sanity/cases/face_003/igs_1p50/add_black_sunglasses/strong/seed_00/candidates/cand_021_g02_m09/perturbed_edit.png,phase4/outputs/phase4c_real_landmark_sanity/cases/face_003/igs_1p50/add_black_sunglasses/strong/seed_00/candidates/cand_021_g02_m09/regions_overlay_original.jpg,0.0445256233215332,0.0445256233215332,phase4c_real_landmark_sanity,0.13036588939812616,0.2607317787962523,"8.0*max(0,semantic_drop)+0.5*output_disruption-3.0*input_damage_penalty-0.75*geometry_excess_penalty",strong,0.13036588939812616,"8.0*max(0,semantic_drop)+0.5*output_disruption-3.0*input_damage_penalty-0.75*geometry_excess_penalty",add black sunglasses,add_black_sunglasses,glasses,1,True,46001,-0.0007070600986480713,8.0,0.88,"['scale_logit', 'action_eye_spread', 'action_eye_compress', 'action_eye_squint', 'action_eye_raise_left', 'action_eye_raise_right', 'action_nose_bridge_shift_x', 'action_asymmetry_twist']","[0.4237331748008728, 0.16478216648101807, 1.1974105834960938, -0.5206406712532043, -0.8244979977607727, -1.235403299331665, 1.0083091259002686, -1.2091799974441528]"
phase4/outputs/phase4c_real_landmark_sanity/cases/face_003/igs_1p50/add_black_sunglasses/strong/seed_00/candidates/cand_018_g02_m06,strong,8.0,phase4/outputs/phase4c_real_landmark_sanity/cases/face_003/igs_1p50/add_black_sunglasses/strong/seed_00/candidates/cand_018_g02_m06,18,cand_018_g02_m06,face_003__add_black_sunglasses__igs_1p50,0.04381856322288513,0.04381856322288513,True,0.0015308558940887451,,False,,metric_only_candidate,"['semantic_drop_small:0.0015', 'semantic_drop_small:0.0015', 'semantic_drop_small:0.0015']",0.0015308558940887451,12.414979610592127,face_003,0.11651170652857307,0.0015308558940887451,2,0.0,0.75,landmark_semantic_tps,7.5,False,1.5,False,0.0,3.0,0.02052253878445034,0.4117647409439087,0.010936652310192585,0.28777466217676795,33.75537829822567,0.9145329594612122,478,mediapipe_python_solutions_face_mesh,3.2081031799316406,8.0,0.7665891051292419,6,0.2085297187517262,0.5,0.026768343656017792,0.7215686440467834,0.013759532012045383,31.447570016161585,0.898543655872345,1.8556482791900635,phase4/outputs/phase4c_real_landmark_sanity/cases/face_003/igs_1p50/add_black_sunglasses/strong/seed_00/candidates/cand_018_g02_m06/clean_edit.png,phase4/outputs/phase4c_real_landmark_sanity/cases/face_003/igs_1p50/add_black_sunglasses/strong/seed_00/candidates/cand_018_g02_m06/flow.png,phase4/outputs/phase4c_real_landmark_sanity/cases/face_003/igs_1p50/add_black_sunglasses/strong/seed_00/candidates/cand_018_g02_m06/landmarks_overlay_original.jpg,phase4/outputs/phase4c_real_landmark_sanity/cases/face_003/igs_1p50/add_black_sunglasses/strong/seed_00/candidates/cand_018_g02_m06/landmarks_overlay_perturbed.jpg,phase4/outputs/phase4c_real_landmark_sanity/cases/face_003/igs_1p50/add_black_sunglasses/strong/seed_00/candidates/cand_018_g02_m06/original.png,phase4/outputs/phase4c_real_landmark_sanity/cases/face_003/igs_1p50/add_black_sunglasses/strong/seed_00/candidates/cand_018_g02_m06/perturbed.png,phase4/outputs/phase4c_real_landmark_sanity/cases/face_003/igs_1p50/add_black_sunglasses/strong/seed_00/candidates/cand_018_g02_m06/perturbed_edit.png,phase4/outputs/phase4c_real_landmark_sanity/cases/face_003/igs_1p50/add_black_sunglasses/strong/seed_00/candidates/cand_018_g02_m06/regions_overlay_original.jpg,0.04228770732879639,0.04228770732879639,phase4c_real_landmark_sanity,0.11651170652857307,0.2085297187517262,"8.0*max(0,semantic_drop)+0.5*output_disruption-3.0*input_damage_penalty-0.75*geometry_excess_penalty",strong,0.11651170652857307,"8.0*max(0,semantic_drop)+0.5*output_disruption-3.0*input_damage_penalty-0.75*geometry_excess_penalty",add black sunglasses,add_black_sunglasses,glasses,2,True,46001,0.0015308558940887451,8.0,0.88,"['scale_logit', 'action_eye_spread', 'action_eye_compress', 'action_eye_squint', 'action_eye_raise_left', 'action_eye_raise_right', 'action_nose_bridge_shift_x', 'action_asymmetry_twist']","[-0.15643717348575592, -0.23480068147182465, 0.48471179604530334, -0.031079865992069244, 0.009276251308619976, -0.7480919361114502, 1.9579546451568604, 0.5142995119094849]"
phase4/outputs/phase4c_real_landmark_sanity/cases/face_003/igs_1p50/add_black_sunglasses/strong/seed_00/candidates/cand_022_g02_m10,strong,8.0,phase4/outputs/phase4c_real_landmark_sanity/cases/face_003/igs_1p50/add_black_sunglasses/strong/seed_00/candidates/cand_022_g02_m10,22,cand_022_g02_m10,face_003__add_black_sunglasses__igs_1p50,0.04381856322288513,0.04381856322288513,True,-0.0009299218654632568,,False,,metric_only_candidate,"['semantic_drop_nonpositive:-0.0009', 'semantic_drop_nonpositive:-0.0009', 'semantic_drop_nonpositive:-0.0009']",0.0,4.587539946660399,face_003,0.10931307423707119,-0.0009299218654632568,2,0.0,0.75,landmark_piecewise_affine,7.5,False,1.5,False,0.0,3.0,0.024202047297016225,0.4901961088180542,0.011080021969974041,0.20094807942708331,32.32295789345805,0.90411376953125,478,mediapipe_python_solutions_face_mesh,5.007209777832031,8.0,0.8110696077346802,10,0.21862614847414238,0.5,0.027834372463803846,0.6705882549285889,0.013845004141330719,31.10837131151978,0.892711341381073,2.6589953899383545,phase4/outputs/phase4c_real_landmark_sanity/cases/face_003/igs_1p50/add_black_sunglasses/strong/seed_00/candidates/cand_022_g02_m10/clean_edit.png,phase4/outputs/phase4c_real_landmark_sanity/cases/face_003/igs_1p50/add_black_sunglasses/strong/seed_00/candidates/cand_022_g02_m10/flow.png,phase4/outputs/phase4c_real_landmark_sanity/cases/face_003/igs_1p50/add_black_sunglasses/strong/seed_00/candidates/cand_022_g02_m10/landmarks_overlay_original.jpg,phase4/outputs/phase4c_real_landmark_sanity/cases/face_003/igs_1p50/add_black_sunglasses/strong/seed_00/candidates/cand_022_g02_m10/landmarks_overlay_perturbed.jpg,phase4/outputs/phase4c_real_landmark_sanity/cases/face_003/igs_1p50/add_black_sunglasses/strong/seed_00/candidates/cand_022_g02_m10/original.png,phase4/outputs/phase4c_real_landmark_sanity/cases/face_003/igs_1p50/add_black_sunglasses/strong/seed_00/candidates/cand_022_g02_m10/perturbed.png,phase4/outputs/phase4c_real_landmark_sanity/cases/face_003/igs_1p50/add_black_sunglasses/strong/seed_00/candidates/cand_022_g02_m10/perturbed_edit.png,phase4/outputs/phase4c_real_landmark_sanity/cases/face_003/igs_1p50/add_black_sunglasses/strong/seed_00/candidates/cand_022_g02_m10/regions_overlay_original.jpg,0.04474848508834839,0.04474848508834839,phase4c_real_landmark_sanity,0.10931307423707119,0.21862614847414238,"8.0*max(0,semantic_drop)+0.5*output_disruption-3.0*input_damage_penalty-0.75*geometry_excess_penalty",strong,0.10931307423707119,"8.0*max(0,semantic_drop)+0.5*output_disruption-3.0*input_damage_penalty-0.75*geometry_excess_penalty",add black sunglasses,add_black_sunglasses,glasses,3,True,46001,-0.0009299218654632568,8.0,0.88,"['scale_logit', 'action_eye_spread', 'action_eye_compress', 'action_eye_squint', 'action_eye_raise_left', 'action_eye_raise_right', 'action_nose_bridge_shift_x', 'action_asymmetry_twist']","[-0.33330342173576355, -1.43916916847229, 1.2786778211593628, 0.2329927235841751, -0.4196171164512634, -0.798862099647522, 1.4511103630065918, 0.6507855653762817]"
phase4/outputs/phase4c_real_landmark_sanity/cases/face_003/igs_1p50/add_black_sunglasses/strong/seed_00/candidates/cand_012_g01_m12,strong,8.0,phase4/outputs/phase4c_real_landmark_sanity/cases/face_003/igs_1p50/add_black_sunglasses/strong/seed_00/candidates/cand_012_g01_m12,12,cand_012_g01_m12,face_003__add_black_sunglasses__igs_1p50,0.04381856322288513,0.04381856322288513,True,0.0005463361740112305,,False,,metric_only_candidate,"['semantic_drop_small:0.0005', 'semantic_drop_small:0.0005', 'semantic_drop_small:0.0005']",0.0005463361740112305,5.318938655778766,face_003,0.1067743739958167,0.0005463361740112305,1,0.0,0.75,landmark_piecewise_affine,7.5,False,1.5,False,0.0,3.0,0.01986313049363285,0.4745098352432251,0.010121507570147514,0.3147159616152445,34.03904608461786,0.9177659153938293,478,mediapipe_python_solutions_face_mesh,4.280465602874756,8.0,0.7462266683578491,12,0.2048073692074537,0.5,0.02523336517192721,0.572549045085907,0.01358257606625557,31.96049654482753,0.8961260914802551,1.9799189567565918,phase4/outputs/phase4c_real_landmark_sanity/cases/face_003/igs_1p50/add_black_sunglasses/strong/seed_00/candidates/cand_012_g01_m12/clean_edit.png,phase4/outputs/phase4c_real_landmark_sanity/cases/face_003/igs_1p50/add_black_sunglasses/strong/seed_00/candidates/cand_012_g01_m12/flow.png,phase4/outputs/phase4c_real_landmark_sanity/cases/face_003/igs_1p50/add_black_sunglasses/strong/seed_00/candidates/cand_012_g01_m12/landmarks_overlay_original.jpg,phase4/outputs/phase4c_real_landmark_sanity/cases/face_003/igs_1p50/add_black_sunglasses/strong/seed_00/candidates/cand_012_g01_m12/landmarks_overlay_perturbed.jpg,phase4/outputs/phase4c_real_landmark_sanity/cases/face_003/igs_1p50/add_black_sunglasses/strong/seed_00/candidates/cand_012_g01_m12/original.png,phase4/outputs/phase4c_real_landmark_sanity/cases/face_003/igs_1p50/add_black_sunglasses/strong/seed_00/candidates/cand_012_g01_m12/perturbed.png,phase4/outputs/phase4c_real_landmark_sanity/cases/face_003/igs_1p50/add_black_sunglasses/strong/seed_00/candidates/cand_012_g01_m12/perturbed_edit.png,phase4/outputs/phase4c_real_landmark_sanity/cases/face_003/igs_1p50/add_black_sunglasses/strong/seed_00/candidates/cand_012_g01_m12/regions_overlay_original.jpg,0.0432722270488739,0.0432722270488739,phase4c_real_landmark_sanity,0.1067743739958167,0.2048073692074537,"8.0*max(0,semantic_drop)+0.5*output_disruption-3.0*input_damage_penalty-0.75*geometry_excess_penalty",strong,0.1067743739958167,"8.0*max(0,semantic_drop)+0.5*output_disruption-3.0*input_damage_penalty-0.75*geometry_excess_penalty",add black sunglasses,add_black_sunglasses,glasses,4,True,46001,0.0005463361740112305,8.0,0.88,"['scale_logit', 'action_eye_spread', 'action_eye_compress', 'action_eye_squint', 'action_eye_raise_left', 'action_eye_raise_right', 'action_nose_bridge_shift_x', 'action_asymmetry_twist']","[0.37121495604515076, -0.43204447627067566, 0.22014492750167847, -0.1495981067419052, 0.0017986416351050138, 0.2823115587234497, 2.4310801029205322, 0.5843954682350159]"
phase4/outputs/phase4c_real_landmark_sanity/cases/face_003/igs_1p50/add_black_sunglasses/strong/seed_00/candidates/cand_015_g02_m03,strong,8.0,phase4/outputs/phase4c_real_landmark_sanity/cases/face_003/igs_1p50/add_black_sunglasses/strong/seed_00/candidates/cand_015_g02_m03,15,cand_015_g02_m03,face_003__add_black_sunglasses__igs_1p50,0.04381856322288513,0.04381856322288513,True,-0.0009667277336120605,,False,,metric_only_candidate,"['semantic_drop_nonpositive:-0.0010', 'semantic_drop_nonpositive:-0.0010', 'semantic_drop_nonpositive:-0.0010']",0.0,4.224498705938458,face_003,0.10626151518395172,-0.0009667277336120605,2,0.0,0.75,landmark_piecewise_affine,7.5,False,1.5,False,0.0,3.0,0.025735739117726218,0.5607843399047852,0.011305858381092548,0.184727668762207,31.789267090230364,0.9021673202514648,478,mediapipe_python_solutions_face_mesh,5.631082057952881,8.0,0.8470306396484375,3,0.21252303036790343,0.5,0.026737656972659757,0.6784313917160034,0.013375237584114075,31.457533054740374,0.8944275975227356,2.877220869064331,phase4/outputs/phase4c_real_landmark_sanity/cases/face_003/igs_1p50/add_black_sunglasses/strong/seed_00/candidates/cand_015_g02_m03/clean_edit.png,phase4/outputs/phase4c_real_landmark_sanity/cases/face_003/igs_1p50/add_black_sunglasses/strong/seed_00/candidates/cand_015_g02_m03/flow.png,phase4/outputs/phase4c_real_landmark_sanity/cases/face_003/igs_1p50/add_black_sunglasses/strong/seed_00/candidates/cand_015_g02_m03/landmarks_overlay_original.jpg,phase4/outputs/phase4c_real_landmark_sanity/cases/face_003/igs_1p50/add_black_sunglasses/strong/seed_00/candidates/cand_015_g02_m03/landmarks_overlay_perturbed.jpg,phase4/outputs/phase4c_real_landmark_sanity/cases/face_003/igs_1p50/add_black_sunglasses/strong/seed_00/candidates/cand_015_g02_m03/original.png,phase4/outputs/phase4c_real_landmark_sanity/cases/face_003/igs_1p50/add_black_sunglasses/strong/seed_00/candidates/cand_015_g02_m03/perturbed.png,phase4/outputs/phase4c_real_landmark_sanity/cases/face_003/igs_1p50/add_black_sunglasses/strong/seed_00/candidates/cand_015_g02_m03/perturbed_edit.png,phase4/outputs/phase4c_real_landmark_sanity/cases/face_003/igs_1p50/add_black_sunglasses/strong/seed_00/candidates/cand_015_g02_m03/regions_overlay_original.jpg,0.04478529095649719,0.04478529095649719,phase4c_real_landmark_sanity,0.10626151518395172,0.21252303036790343,"8.0*max(0,semantic_drop)+0.5*output_disruption-3.0*input_damage_penalty-0.75*geometry_excess_penalty",strong,0.10626151518395172,"8.0*max(0,semantic_drop)+0.5*output_disruption-3.0*input_damage_penalty-0.75*geometry_excess_penalty",add black sunglasses,add_black_sunglasses,glasses,5,True,46001,-0.0009667277336120605,8.0,0.88,"['scale_logit', 'action_eye_spread', 'action_eye_compress', 'action_eye_squint', 'action_eye_raise_left', 'action_eye_raise_right', 'action_nose_bridge_shift_x', 'action_asymmetry_twist']","[-0.2329728752374649, -1.0303170680999756, 1.0234156847000122, 1.067238688468933, -1.6328786611557007, 0.022824380546808243, 1.391239047050476, -0.5037348866462708]"
phase4/outputs/phase4c_real_landmark_sanity/cases/face_003/igs_1p50/add_black_sunglasses/strong/seed_00/candidates/cand_017_g02_m05,strong,8.0,phase4/outputs/phase4c_real_landmark_sanity/cases/face_003/igs_1p50/add_black_sunglasses/strong/seed_00/candidates/cand_017_g02_m05,17,cand_017_g02_m05,face_003__add_black_sunglasses__igs_1p50,0.04381856322288513,0.04381856322288513,True,-0.0006267428398132324,,False,,metric_only_candidate,"['semantic_drop_nonpositive:-0.0006', 'semantic_drop_nonpositive:-0.0006', 'semantic_drop_nonpositive:-0.0006']",0.0,4.688176764175296,face_003,0.10041880760615307,-0.0006267428398132324,2,0.0,0.75,landmark_piecewise_affine,7.5,False,1.5,False,0.0,3.0,0.02569410970926886,0.5490196347236633,0.010240618139505386,0.30771986643473304,31.803328517000065,0.916926383972168,478,mediapipe_python_solutions_face_mesh,7.475789546966553,8.0,0.7468954920768738,5,0.20083761521230614,0.5,0.026642248799528864,0.5882353186607361,0.012499558739364147,31.488582406846053,0.9057313799858093,2.8402481079101562,phase4/outputs/phase4c_real_landmark_sanity/cases/face_003/igs_1p50/add_black_sunglasses/strong/seed_00/candidates/cand_017_g02_m05/clean_edit.png,phase4/outputs/phase4c_real_landmark_sanity/cases/face_003/igs_1p50/add_black_sunglasses/strong/seed_00/candidates/cand_017_g02_m05/flow.png,phase4/outputs/phase4c_real_landmark_sanity/cases/face_003/igs_1p50/add_black_sunglasses/strong/seed_00/candidates/cand_017_g02_m05/landmarks_overlay_original.jpg,phase4/outputs/phase4c_real_landmark_sanity/cases/face_003/igs_1p50/add_black_sunglasses/strong/seed_00/candidates/cand_017_g02_m05/landmarks_overlay_perturbed.jpg,phase4/outputs/phase4c_real_landmark_sanity/cases/face_003/igs_1p50/add_black_sunglasses/strong/seed_00/candidates/cand_017_g02_m05/original.png,phase4/outputs/phase4c_real_landmark_sanity/cases/face_003/igs_1p50/add_black_sunglasses/strong/seed_00/candidates/cand_017_g02_m05/perturbed.png,phase4/outputs/phase4c_real_landmark_sanity/cases/face_003/igs_1p50/add_black_sunglasses/strong/seed_00/candidates/cand_017_g02_m05/perturbed_edit.png,phase4/outputs/phase4c_real_landmark_sanity/cases/face_003/igs_1p50/add_black_sunglasses/strong/seed_00/candidates/cand_017_g02_m05/regions_overlay_original.jpg,0.044445306062698364,0.044445306062698364,phase4c_real_landmark_sanity,0.10041880760615307,0.20083761521230614,"8.0*max(0,semantic_drop)+0.5*output_disruption-3.0*input_damage_penalty-0.75*geometry_excess_penalty",strong,0.10041880760615307,"8.0*max(0,semantic_drop)+0.5*output_disruption-3.0*input_damage_penalty-0.75*geometry_excess_penalty",add black sunglasses,add_black_sunglasses,glasses,6,True,46001,-0.0006267428398132324,8.0,0.88,"['scale_logit', 'action_eye_spread', 'action_eye_compress', 'action_eye_squint', 'action_eye_raise_left', 'action_eye_raise_right', 'action_nose_bridge_shift_x', 'action_asymmetry_twist']","[0.6557934880256653, -0.6422262787818909, 0.6523772478103638, -0.17632736265659332, -2.1834805011749268, 0.6374128460884094, 0.4710724651813507, 0.2304103821516037]"
phase4/outputs/phase4c_real_landmark_sanity/cases/face_003/igs_1p50/add_black_sunglasses/strong/seed_00/candidates/cand_023_g02_m11,strong,8.0,phase4/outputs/phase4c_real_landmark_sanity/cases/face_003/igs_1p50/add_black_sunglasses/strong/seed_00/candidates/cand_023_g02_m11,23,cand_023_g02_m11,face_003__add_black_sunglasses__igs_1p50,0.04381856322288513,0.04381856322288513,True,-0.00033104419708251953,,False,,metric_only_candidate,"['semantic_drop_nonpositive:-0.0003', 'semantic_drop_nonpositive:-0.0003', 'semantic_drop_nonpositive:-0.0003']",0.0,4.924351079389453,face_003,0.09911899534277488,-0.00033104419708251953,2,0.0,0.75,landmark_piecewise_affine,7.5,False,1.5,False,0.0,3.0,0.018556749235599617,0.4862745404243469,0.008180422708392143,0.45736130078633624,34.62996201998556,0.9348833560943604,478,mediapipe_python_solutions_face_mesh,3.5731210708618164,8.0,0.5463516116142273,11,0.19823799068554976,0.5,0.027994701104424247,0.8039215803146362,0.011716888286173344,31.058483300934647,0.9137408137321472,1.8047943115234375,phase4/outputs/phase4c_real_landmark_sanity/cases/face_003/igs_1p50/add_black_sunglasses/strong/seed_00/candidates/cand_023_g02_m11/clean_edit.png,phase4/outputs/phase4c_real_landmark_sanity/cases/face_003/igs_1p50/add_black_sunglasses/strong/seed_00/candidates/cand_023_g02_m11/flow.png,phase4/outputs/phase4c_real_landmark_sanity/cases/face_003/igs_1p50/add_black_sunglasses/strong/seed_00/candidates/cand_023_g02_m11/landmarks_overlay_original.jpg,phase4/outputs/phase4c_real_landmark_sanity/cases/face_003/igs_1p50/add_black_sunglasses/strong/seed_00/candidates/cand_023_g02_m11/landmarks_overlay_perturbed.jpg,phase4/outputs/phase4c_real_landmark_sanity/cases/face_003/igs_1p50/add_black_sunglasses/strong/seed_00/candidates/cand_023_g02_m11/original.png,phase4/outputs/phase4c_real_landmark_sanity/cases/face_003/igs_1p50/add_black_sunglasses/strong/seed_00/candidates/cand_023_g02_m11/perturbed.png,phase4/outputs/phase4c_real_landmark_sanity/cases/face_003/igs_1p50/add_black_sunglasses/strong/seed_00/candidates/cand_023_g02_m11/perturbed_edit.png,phase4/outputs/phase4c_real_landmark_sanity/cases/face_003/igs_1p50/add_black_sunglasses/strong/seed_00/candidates/cand_023_g02_m11/regions_overlay_original.jpg,0.04414960741996765,0.04414960741996765,phase4c_real_landmark_sanity,0.09911899534277488,0.19823799068554976,"8.0*max(0,semantic_drop)+0.5*output_disruption-3.0*input_damage_penalty-0.75*geometry_excess_penalty",strong,0.09911899534277488,"8.0*max(0,semantic_drop)+0.5*output_disruption-3.0*input_damage_penalty-0.75*geometry_excess_penalty",add black sunglasses,add_black_sunglasses,glasses,7,True,46001,-0.00033104419708251953,8.0,0.88,"['scale_logit', 'action_eye_spread', 'action_eye_compress', 'action_eye_squint', 'action_eye_raise_left', 'action_eye_raise_right', 'action_nose_bridge_shift_x', 'action_asymmetry_twist']","[-0.13798008859157562, -2.0850586891174316, 0.03637397289276123, -0.2500424385070801, -0.4330134689807892, -0.61135333776474, -0.783957839012146, -0.32221364974975586]"
phase4/outputs/phase4c_real_landmark_sanity/cases/face_003/igs_1p50/add_black_sunglasses/strong/seed_00/candidates/cand_001_g01_m01,strong,8.0,phase4/outputs/phase4c_real_landmark_sanity/cases/face_003/igs_1p50/add_black_sunglasses/strong/seed_00/candidates/cand_001_g01_m01,1,cand_001_g01_m01,face_003__add_black_sunglasses__igs_1p50,0.04381856322288513,0.04381856322288513,True,-0.002281695604324341,,False,,metric_only_candidate,"['semantic_drop_nonpositive:-0.0023', 'semantic_drop_nonpositive:-0.0023', 'semantic_drop_nonpositive:-0.0023']",0.0,4.3061441127210855,face_003,0.09530513481109382,-0.002281695604324341,1,0.0,0.75,landmark_piecewise_affine,7.5,False,1.5,False,0.0,3.0,0.02468628393909875,0.5058823823928833,0.009096398018300533,0.328458309173584,32.15088560209558,0.9194149971008301,478,mediapipe_python_solutions_face_mesh,5.6606268882751465,8.0,0.6652612090110779,1,0.19061026962218763,0.5,0.025659213442648654,0.7490196228027344,0.0113352807238698,31.81513321234184,0.912026584148407,2.998138427734375,phase4/outputs/phase4c_real_landmark_sanity/cases/face_003/igs_1p50/add_black_sunglasses/strong/seed_00/candidates/cand_001_g01_m01/clean_edit.png,phase4/outputs/phase4c_real_landmark_sanity/cases/face_003/igs_1p50/add_black_sunglasses/strong/seed_00/candidates/cand_001_g01_m01/flow.png,phase4/outputs/phase4c_real_landmark_sanity/cases/face_003/igs_1p50/add_black_sunglasses/strong/seed_00/candidates/cand_001_g01_m01/landmarks_overlay_original.jpg,phase4/outputs/phase4c_real_landmark_sanity/cases/face_003/igs_1p50/add_black_sunglasses/strong/seed_00/candidates/cand_001_g01_m01/landmarks_overlay_perturbed.jpg,phase4/outputs/phase4c_real_landmark_sanity/cases/face_003/igs_1p50/add_black_sunglasses/strong/seed_00/candidates/cand_001_g01_m01/original.png,phase4/outputs/phase4c_real_landmark_sanity/cases/face_003/igs_1p50/add_black_sunglasses/strong/seed_00/candidates/cand_001_g01_m01/perturbed.png,phase4/outputs/phase4c_real_landmark_sanity/cases/face_003/igs_1p50/add_black_sunglasses/strong/seed_00/candidates/cand_001_g01_m01/perturbed_edit.png,phase4/outputs/phase4c_real_landmark_sanity/cases/face_003/igs_1p50/add_black_sunglasses/strong/seed_00/candidates/cand_001_g01_m01/regions_overlay_original.jpg,0.04610025882720947,0.04610025882720947,phase4c_real_landmark_sanity,0.09530513481109382,0.19061026962218763,"8.0*max(0,semantic_drop)+0.5*output_disruption-3.0*input_damage_penalty-0.75*geometry_excess_penalty",strong,0.09530513481109382,"8.0*max(0,semantic_drop)+0.5*output_disruption-3.0*input_damage_penalty-0.75*geometry_excess_penalty",add black sunglasses,add_black_sunglasses,glasses,8,True,46001,-0.002281695604324341,8.0,0.88,"['scale_logit', 'action_eye_spread', 'action_eye_compress', 'action_eye_squint', 'action_eye_raise_left', 'action_eye_raise_right', 'action_nose_bridge_shift_x', 'action_asymmetry_twist']","[-0.20447464287281036, -1.475965976715088, 1.2023582458496094, 0.4211769104003906, -1.2053030729293823, -0.44139230251312256, -0.2869267463684082, -0.19705112278461456]"
phase4/outputs/phase4c_real_landmark_sanity/cases/face_003/igs_1p50/add_black_sunglasses/strong/seed_00/candidates/cand_009_g01_m09,strong,8.0,phase4/outputs/phase4c_real_landmark_sanity/cases/face_003/igs_1p50/add_black_sunglasses/strong/seed_00/candidates/cand_009_g01_m09,9,cand_009_g01_m09,face_003__add_black_sunglasses__igs_1p50,0.04381856322288513,0.04381856322288513,True,-0.0010683834552764893,,False,,metric_only_candidate,"['semantic_drop_nonpositive:-0.0011', 'semantic_drop_nonpositive:-0.0011', 'semantic_drop_nonpositive:-0.0011']",0.0,5.260918857529759,face_003,0.09168924100237805,-0.0010683834552764893,1,0.0,0.75,landmark_piecewise_affine,7.5,False,1.5,False,0.0,3.0,0.022102280900727026,0.5647059082984924,0.009262544102966785,0.3550717830657959,33.111258117714144,0.9226086139678955,478,mediapipe_python_solutions_face_mesh,5.002779006958008,8.0,0.6486229300498962,9,0.1833784820047561,0.5,0.02414148155370215,0.7568627595901489,0.011227265931665897,32.3447216186147,0.9131874442100525,2.321502685546875,phase4/outputs/phase4c_real_landmark_sanity/cases/face_003/igs_1p50/add_black_sunglasses/strong/seed_00/candidates/cand_009_g01_m09/clean_edit.png,phase4/outputs/phase4c_real_landmark_sanity/cases/face_003/igs_1p50/add_black_sunglasses/strong/seed_00/candidates/cand_009_g01_m09/flow.png,phase4/outputs/phase4c_real_landmark_sanity/cases/face_003/igs_1p50/add_black_sunglasses/strong/seed_00/candidates/cand_009_g01_m09/landmarks_overlay_original.jpg,phase4/outputs/phase4c_real_landmark_sanity/cases/face_003/igs_1p50/add_black_sunglasses/strong/seed_00/candidates/cand_009_g01_m09/landmarks_overlay_perturbed.jpg,phase4/outputs/phase4c_real_landmark_sanity/cases/face_003/igs_1p50/add_black_sunglasses/strong/seed_00/candidates/cand_009_g01_m09/original.png,phase4/outputs/phase4c_real_landmark_sanity/cases/face_003/igs_1p50/add_black_sunglasses/strong/seed_00/candidates/cand_009_g01_m09/perturbed.png,phase4/outputs/phase4c_real_landmark_sanity/cases/face_003/igs_1p50/add_black_sunglasses/strong/seed_00/candidates/cand_009_g01_m09/perturbed_edit.png,phase4/outputs/phase4c_real_landmark_sanity/cases/face_003/igs_1p50/add_black_sunglasses/strong/seed_00/candidates/cand_009_g01_m09/regions_overlay_original.jpg,0.04488694667816162,0.04488694667816162,phase4c_real_landmark_sanity,0.09168924100237805,0.1833784820047561,"8.0*max(0,semantic_drop)+0.5*output_disruption-3.0*input_damage_penalty-0.75*geometry_excess_penalty",strong,0.09168924100237805,"8.0*max(0,semantic_drop)+0.5*output_disruption-3.0*input_damage_penalty-0.75*geometry_excess_penalty",add black sunglasses,add_black_sunglasses,glasses,9,True,46001,-0.0010683834552764893,8.0,0.88,"['scale_logit', 'action_eye_spread', 'action_eye_compress', 'action_eye_squint', 'action_eye_raise_left', 'action_eye_raise_right', 'action_nose_bridge_shift_x', 'action_asymmetry_twist']","[-0.3602767586708069, 0.7886171340942383, -0.8037666082382202, 1.4894237518310547, 0.496817946434021, -1.599793791770935, 1.108007788658142, -0.36094602942466736]"
phase4/outputs/phase4c_real_landmark_sanity/cases/face_003/igs_1p50/add_black_sunglasses/strong/seed_00/candidates/cand_024_g02_m12,strong,8.0,phase4/outputs/phase4c_real_landmark_sanity/cases/face_003/igs_1p50/add_black_sunglasses/strong/seed_00/candidates/cand_024_g02_m12,24,cand_024_g02_m12,face_003__add_black_sunglasses__igs_1p50,0.04381856322288513,0.04381856322288513,True,0.001922607421875,,False,,metric_only_candidate,"['semantic_drop_small:0.0019', 'semantic_drop_small:0.0019', 'semantic_drop_small:0.0019']",0.001922607421875,4.662396244704723,face_003,0.08747961024401366,0.001922607421875,2,0.0,0.75,landmark_piecewise_affine,7.5,False,1.5,False,0.0,3.0,0.017395915460101205,0.5176470875740051,0.006033711601048708,0.6102616190910339,35.191054231332885,0.9532313942909241,478,mediapipe_python_solutions_face_mesh,3.700737714767456,8.0,0.38440966606140137,12,0.1441975017380273,0.5,0.022235164542783195,0.7607843279838562,0.00845534447580576,33.05919304747757,0.9447431564331055,1.658897876739502,phase4/outputs/phase4c_real_landmark_sanity/cases/face_003/igs_1p50/add_black_sunglasses/strong/seed_00/candidates/cand_024_g02_m12/clean_edit.png,phase4/outputs/phase4c_real_landmark_sanity/cases/face_003/igs_1p50/add_black_sunglasses/strong/seed_00/candidates/cand_024_g02_m12/flow.png,phase4/outputs/phase4c_real_landmark_sanity/cases/face_003/igs_1p50/add_black_sunglasses/strong/seed_00/candidates/cand_024_g02_m12/landmarks_overlay_original.jpg,phase4/outputs/phase4c_real_landmark_sanity/cases/face_003/igs_1p50/add_black_sunglasses/strong/seed_00/candidates/cand_024_g02_m12/landmarks_overlay_perturbed.jpg,phase4/outputs/phase4c_real_landmark_sanity/cases/face_003/igs_1p50/add_black_sunglasses/strong/seed_00/candidates/cand_024_g02_m12/original.png,phase4/outputs/phase4c_real_landmark_sanity/cases/face_003/igs_1p50/add_black_sunglasses/strong/seed_00/candidates/cand_024_g02_m12/perturbed.png,phase4/outputs/phase4c_real_landmark_sanity/cases/face_003/igs_1p50/add_black_sunglasses/strong/seed_00/candidates/cand_024_g02_m12/perturbed_edit.png,phase4/outputs/phase4c_real_landmark_sanity/cases/face_003/igs_1p50/add_black_sunglasses/strong/seed_00/candidates/cand_024_g02_m12/regions_overlay_original.jpg,0.04189595580101013,0.04189595580101013,phase4c_real_landmark_sanity,0.08747961024401366,0.1441975017380273,"8.0*max(0,semantic_drop)+0.5*output_disruption-3.0*input_damage_penalty-0.75*geometry_excess_penalty",strong,0.08747961024401366,"8.0*max(0,semantic_drop)+0.5*output_disruption-3.0*input_damage_penalty-0.75*geometry_excess_penalty",add black sunglasses,add_black_sunglasses,glasses,10,True,46001,0.001922607421875,8.0,0.88,"['scale_logit', 'action_eye_spread', 'action_eye_compress', 'action_eye_squint', 'action_eye_raise_left', 'action_eye_raise_right', 'action_nose_bridge_shift_x', 'action_asymmetry_twist']","[0.09496451914310455, -0.8450791239738464, -0.18986210227012634, 0.02271588146686554, -0.6362388134002686, 1.3161401748657227, -1.7580320835113525, -0.03527010604739189]"
phase4/outputs/phase4c_real_landmark_sanity/cases/face_003/igs_1p50/add_black_sunglasses/strong/seed_00/candidates/cand_016_g02_m04,strong,8.0,phase4/outputs/phase4c_real_landmark_sanity/cases/face_003/igs_1p50/add_black_sunglasses/strong/seed_00/candidates/cand_016_g02_m04,16,cand_016_g02_m04,face_003__add_black_sunglasses__igs_1p50,0.04381856322288513,0.04381856322288513,True,-0.0012292265892028809,,False,,metric_only_candidate,"['semantic_drop_nonpositive:-0.0012', 'semantic_drop_nonpositive:-0.0012', 'semantic_drop_nonpositive:-0.0012']",0.0,4.05468912050128,face_003,0.0833665105097336,-0.0012292265892028809,2,0.0,0.75,landmark_piecewise_affine,7.5,False,1.5,False,0.0,3.0,0.01936022339329861,0.5686274766921997,0.008416958153247833,0.44598525762557983,34.26179271543149,0.9335182309150696,478,mediapipe_python_solutions_face_mesh,4.190133571624756,8.0,0.5751557350158691,4,0.1667330210194672,0.5,0.021327181279303744,0.5921568870544434,0.010910225100815296,33.421330791373784,0.9185757040977478,1.865191102027893,phase4/outputs/phase4c_real_landmark_sanity/cases/face_003/igs_1p50/add_black_sunglasses/strong/seed_00/candidates/cand_016_g02_m04/clean_edit.png,phase4/outputs/phase4c_real_landmark_sanity/cases/face_003/igs_1p50/add_black_sunglasses/strong/seed_00/candidates/cand_016_g02_m04/flow.png,phase4/outputs/phase4c_real_landmark_sanity/cases/face_003/igs_1p50/add_black_sunglasses/strong/seed_00/candidates/cand_016_g02_m04/landmarks_overlay_original.jpg,phase4/outputs/phase4c_real_landmark_sanity/cases/face_003/igs_1p50/add_black_sunglasses/strong/seed_00/candidates/cand_016_g02_m04/landmarks_overlay_perturbed.jpg,phase4/outputs/phase4c_real_landmark_sanity/cases/face_003/igs_1p50/add_black_sunglasses/strong/seed_00/candidates/cand_016_g02_m04/original.png,phase4/outputs/phase4c_real_landmark_sanity/cases/face_003/igs_1p50/add_black_sunglasses/strong/seed_00/candidates/cand_016_g02_m04/perturbed.png,phase4/outputs/phase4c_real_landmark_sanity/cases/face_003/igs_1p50/add_black_sunglasses/strong/seed_00/candidates/cand_016_g02_m04/perturbed_edit.png,phase4/outputs/phase4c_real_landmark_sanity/cases/face_003/igs_1p50/add_black_sunglasses/strong/seed_00/candidates/cand_016_g02_m04/regions_overlay_original.jpg,0.04504778981208801,0.04504778981208801,phase4c_real_landmark_sanity,0.0833665105097336,0.1667330210194672,"8.0*max(0,semantic_drop)+0.5*output_disruption-3.0*input_damage_penalty-0.75*geometry_excess_penalty",strong,0.0833665105097336,"8.0*max(0,semantic_drop)+0.5*output_disruption-3.0*input_damage_penalty-0.75*geometry_excess_penalty",add black sunglasses,add_black_sunglasses,glasses,11,True,46001,-0.0012292265892028809,8.0,0.88,"['scale_logit', 'action_eye_spread', 'action_eye_compress', 'action_eye_squint', 'action_eye_raise_left', 'action_eye_raise_right', 'action_nose_bridge_shift_x', 'action_asymmetry_twist']","[-0.2751885950565338, 0.8742939233779907, -0.25899818539619446, 0.49298927187919617, 0.17750772833824158, -2.2493879795074463, 1.1169389486312866, 0.3727049231529236]"
phase4/outputs/phase4c_real_landmark_sanity/cases/face_003/igs_1p50/add_black_sunglasses/strong/seed_00/candidates/cand_019_g02_m07,strong,8.0,phase4/outputs/phase4c_real_landmark_sanity/cases/face_003/igs_1p50/add_black_sunglasses/strong/seed_00/candidates/cand_019_g02_m07,19,cand_019_g02_m07,face_003__add_black_sunglasses__igs_1p50,0.04381856322288513,0.04381856322288513,True,-0.001933068037033081,,False,,metric_only_candidate,"['semantic_drop_nonpositive:-0.0019', 'semantic_drop_nonpositive:-0.0019', 'semantic_drop_nonpositive:-0.0019']",0.0,3.984706699848175,face_003,0.08201002376659716,-0.001933068037033081,2,0.0,0.75,landmark_piecewise_affine,7.5,False,1.5,False,0.0,3.0,0.01982407332000569,0.49803924560546875,0.007529929745942354,0.4600291053454081,34.056142094244215,0.935203492641449,478,mediapipe_python_solutions_face_mesh,4.49056339263916,8.0,0.5065051317214966,7,0.16402004753319432,0.5,0.021790605273763364,0.6196078658103943,0.00986157264560461,33.23461412531387,0.9231423735618591,2.1588897705078125,phase4/outputs/phase4c_real_landmark_sanity/cases/face_003/igs_1p50/add_black_sunglasses/strong/seed_00/candidates/cand_019_g02_m07/clean_edit.png,phase4/outputs/phase4c_real_landmark_sanity/cases/face_003/igs_1p50/add_black_sunglasses/strong/seed_00/candidates/cand_019_g02_m07/flow.png,phase4/outputs/phase4c_real_landmark_sanity/cases/face_003/igs_1p50/add_black_sunglasses/strong/seed_00/candidates/cand_019_g02_m07/landmarks_overlay_original.jpg,phase4/outputs/phase4c_real_landmark_sanity/cases/face_003/igs_1p50/add_black_sunglasses/strong/seed_00/candidates/cand_019_g02_m07/landmarks_overlay_perturbed.jpg,phase4/outputs/phase4c_real_landmark_sanity/cases/face_003/igs_1p50/add_black_sunglasses/strong/seed_00/candidates/cand_019_g02_m07/original.png,phase4/outputs/phase4c_real_landmark_sanity/cases/face_003/igs_1p50/add_black_sunglasses/strong/seed_00/candidates/cand_019_g02_m07/perturbed.png,phase4/outputs/phase4c_real_landmark_sanity/cases/face_003/igs_1p50/add_black_sunglasses/strong/seed_00/candidates/cand_019_g02_m07/perturbed_edit.png,phase4/outputs/phase4c_real_landmark_sanity/cases/face_003/igs_1p50/add_black_sunglasses/strong/seed_00/candidates/cand_019_g02_m07/regions_overlay_original.jpg,0.04575163125991821,0.04575163125991821,phase4c_real_landmark_sanity,0.08201002376659716,0.16402004753319432,"8.0*max(0,semantic_drop)+0.5*output_disruption-3.0*input_damage_penalty-0.75*geometry_excess_penalty",strong,0.08201002376659716,"8.0*max(0,semantic_drop)+0.5*output_disruption-3.0*input_damage_penalty-0.75*geometry_excess_penalty",add black sunglasses,add_black_sunglasses,glasses,12,True,46001,-0.001933068037033081,8.0,0.88,"['scale_logit', 'action_eye_spread', 'action_eye_compress', 'action_eye_squint', 'action_eye_raise_left', 'action_eye_raise_right', 'action_nose_bridge_shift_x', 'action_asymmetry_twist']","[-0.2885819375514984, -0.5386795997619629, 1.3909045457839966, 0.11445890367031097, -0.4175485670566559, -0.49769774079322815, 0.4779614210128784, -0.19839461147785187]"
phase4/outputs/phase4c_real_landmark_sanity/cases/face_003/igs_1p50/add_black_sunglasses/strong/seed_00/candidates/cand_006_g01_m06,strong,8.0,phase4/outputs/phase4c_real_landmark_sanity/cases/face_003/igs_1p50/add_black_sunglasses/strong/seed_00/candidates/cand_006_g01_m06,6,cand_006_g01_m06,face_003__add_black_sunglasses__igs_1p50,0.04381856322288513,0.04381856322288513,True,-0.0009641945362091064,,False,,metric_only_candidate,"['semantic_drop_nonpositive:-0.0010', 'semantic_drop_nonpositive:-0.0010', 'semantic_drop_nonpositive:-0.0010']",0.0,5.106846563518047,face_003,0.07712011550541019,-0.0009641945362091064,1,0.0,0.75,landmark_piecewise_affine,7.5,False,1.5,False,0.0,3.0,0.014891780769390068,0.4862745404243469,0.006857717409729958,0.5824183026949564,36.54106731819053,0.9498901963233948,478,mediapipe_python_solutions_face_mesh,2.7919766902923584,8.0,0.44549360871315,6,0.15424023101082038,0.5,0.01968775200185823,0.5176470875740051,0.01030745543539524,34.11607739783084,0.9245107769966125,1.259596824645996,phase4/outputs/phase4c_real_landmark_sanity/cases/face_003/igs_1p50/add_black_sunglasses/strong/seed_00/candidates/cand_006_g01_m06/clean_edit.png,phase4/outputs/phase4c_real_landmark_sanity/cases/face_003/igs_1p50/add_black_sunglasses/strong/seed_00/candidates/cand_006_g01_m06/flow.png,phase4/outputs/phase4c_real_landmark_sanity/cases/face_003/igs_1p50/add_black_sunglasses/strong/seed_00/candidates/cand_006_g01_m06/landmarks_overlay_original.jpg,phase4/outputs/phase4c_real_landmark_sanity/cases/face_003/igs_1p50/add_black_sunglasses/strong/seed_00/candidates/cand_006_g01_m06/landmarks_overlay_perturbed.jpg,phase4/outputs/phase4c_real_landmark_sanity/cases/face_003/igs_1p50/add_black_sunglasses/strong/seed_00/candidates/cand_006_g01_m06/original.png,phase4/outputs/phase4c_real_landmark_sanity/cases/face_003/igs_1p50/add_black_sunglasses/strong/seed_00/candidates/cand_006_g01_m06/perturbed.png,phase4/outputs/phase4c_real_landmark_sanity/cases/face_003/igs_1p50/add_black_sunglasses/strong/seed_00/candidates/cand_006_g01_m06/perturbed_edit.png,phase4/outputs/phase4c_real_landmark_sanity/cases/face_003/igs_1p50/add_black_sunglasses/strong/seed_00/candidates/cand_006_g01_m06/regions_overlay_original.jpg,0.04478275775909424,0.04478275775909424,phase4c_real_landmark_sanity,0.07712011550541019,0.15424023101082038,"8.0*max(0,semantic_drop)+0.5*output_disruption-3.0*input_damage_penalty-0.75*geometry_excess_penalty",strong,0.07712011550541019,"8.0*max(0,semantic_drop)+0.5*output_disruption-3.0*input_damage_penalty-0.75*geometry_excess_penalty",add black sunglasses,add_black_sunglasses,glasses,13,True,46001,-0.0009641945362091064,8.0,0.88,"['scale_logit', 'action_eye_spread', 'action_eye_compress', 'action_eye_squint', 'action_eye_raise_left', 'action_eye_raise_right', 'action_nose_bridge_shift_x', 'action_asymmetry_twist']","[-1.2558858394622803, -0.8853123188018799, 2.4649600982666016, 0.09461677819490433, 0.65859055519104, 0.523659348487854, 0.16336412727832794, -1.3555620908737183]"
phase4/outputs/phase4c_real_landmark_sanity/cases/face_003/igs_1p50/add_black_sunglasses/strong/seed_00/candidates/cand_014_g02_m02,strong,8.0,phase4/outputs/phase4c_real_landmark_sanity/cases/face_003/igs_1p50/add_black_sunglasses/strong/seed_00/candidates/cand_014_g02_m02,14,cand_014_g02_m02,face_003__add_black_sunglasses__igs_1p50,0.04381856322288513,0.04381856322288513,True,-0.0009653568267822266,,False,,metric_only_candidate,"['semantic_drop_nonpositive:-0.0010', 'semantic_drop_nonpositive:-0.0010', 'semantic_drop_nonpositive:-0.0010']",0.0,4.204678380861878,face_003,0.07573985697368008,-0.0009653568267822266,2,0.0,0.75,landmark_piecewise_affine,7.5,False,1.5,False,0.0,3.0,0.014332497900179519,0.44705885648727417,0.006637554615736008,0.6520643432935079,36.873562263614865,0.958247721195221,478,mediapipe_python_solutions_face_mesh,2.8033905029296875,8.0,0.4676688015460968,2,0.15147971394736015,0.5,0.020353658206955696,0.6274510025978088,0.010263868607580662,33.82715045475831,0.9299349188804626,1.260490894317627,phase4/outputs/phase4c_real_landmark_sanity/cases/face_003/igs_1p50/add_black_sunglasses/strong/seed_00/candidates/cand_014_g02_m02/clean_edit.png,phase4/outputs/phase4c_real_landmark_sanity/cases/face_003/igs_1p50/add_black_sunglasses/strong/seed_00/candidates/cand_014_g02_m02/flow.png,phase4/outputs/phase4c_real_landmark_sanity/cases/face_003/igs_1p50/add_black_sunglasses/strong/seed_00/candidates/cand_014_g02_m02/landmarks_overlay_original.jpg,phase4/outputs/phase4c_real_landmark_sanity/cases/face_003/igs_1p50/add_black_sunglasses/strong/seed_00/candidates/cand_014_g02_m02/landmarks_overlay_perturbed.jpg,phase4/outputs/phase4c_real_landmark_sanity/cases/face_003/igs_1p50/add_black_sunglasses/strong/seed_00/candidates/cand_014_g02_m02/original.png,phase4/outputs/phase4c_real_landmark_sanity/cases/face_003/igs_1p50/add_black_sunglasses/strong/seed_00/candidates/cand_014_g02_m02/perturbed.png,phase4/outputs/phase4c_real_landmark_sanity/cases/face_003/igs_1p50/add_black_sunglasses/strong/seed_00/candidates/cand_014_g02_m02/perturbed_edit.png,phase4/outputs/phase4c_real_landmark_sanity/cases/face_003/igs_1p50/add_black_sunglasses/strong/seed_00/candidates/cand_014_g02_m02/regions_overlay_original.jpg,0.04478392004966736,0.04478392004966736,phase4c_real_landmark_sanity,0.07573985697368008,0.15147971394736015,"8.0*max(0,semantic_drop)+0.5*output_disruption-3.0*input_damage_penalty-0.75*geometry_excess_penalty",strong,0.07573985697368008,"8.0*max(0,semantic_drop)+0.5*output_disruption-3.0*input_damage_penalty-0.75*geometry_excess_penalty",add black sunglasses,add_black_sunglasses,glasses,14,True,46001,-0.0009653568267822266,8.0,0.88,"['scale_logit', 'action_eye_spread', 'action_eye_compress', 'action_eye_squint', 'action_eye_raise_left', 'action_eye_raise_right', 'action_nose_bridge_shift_x', 'action_asymmetry_twist']","[-0.36004289984703064, 0.7850183248519897, 0.37222176790237427, 0.13613995909690857, 0.41672995686531067, -1.5243815183639526, 2.222681999206543, 0.5898855924606323]"
phase4/outputs/phase4c_real_landmark_sanity/cases/face_003/igs_1p50/add_black_sunglasses/strong/seed_00/candidates/cand_008_g01_m08,strong,8.0,phase4/outputs/phase4c_real_landmark_sanity/cases/face_003/igs_1p50/add_black_sunglasses/strong/seed_00/candidates/cand_008_g01_m08,8,cand_008_g01_m08,face_003__add_black_sunglasses__igs_1p50,0.04381856322288513,0.04381856322288513,True,0.00016644597053527832,,False,,metric_only_candidate,"['semantic_drop_small:0.0002', 'semantic_drop_small:0.0002', 'semantic_drop_small:0.0002']",0.00016644597053527832,4.939770547673106,face_003,0.0727917198317415,0.00016644597053527832,1,0.0,0.75,landmark_piecewise_affine,7.5,False,1.5,False,0.0,3.0,0.017825333775357843,0.5333333611488342,0.0068365950137376785,0.6454343199729919,34.97924658667318,0.957452118396759,478,mediapipe_python_solutions_face_mesh,6.193939208984375,8.0,0.48442342877388,8,0.14292030413491855,0.5,0.019513574440139854,0.501960813999176,0.009481115266680717,34.19326341022181,0.9351339936256409,1.7167086601257324,phase4/outputs/phase4c_real_landmark_sanity/cases/face_003/igs_1p50/add_black_sunglasses/strong/seed_00/candidates/cand_008_g01_m08/clean_edit.png,phase4/outputs/phase4c_real_landmark_sanity/cases/face_003/igs_1p50/add_black_sunglasses/strong/seed_00/candidates/cand_008_g01_m08/flow.png,phase4/outputs/phase4c_real_landmark_sanity/cases/face_003/igs_1p50/add_black_sunglasses/strong/seed_00/candidates/cand_008_g01_m08/landmarks_overlay_original.jpg,phase4/outputs/phase4c_real_landmark_sanity/cases/face_003/igs_1p50/add_black_sunglasses/strong/seed_00/candidates/cand_008_g01_m08/landmarks_overlay_perturbed.jpg,phase4/outputs/phase4c_real_landmark_sanity/cases/face_003/igs_1p50/add_black_sunglasses/strong/seed_00/candidates/cand_008_g01_m08/original.png,phase4/outputs/phase4c_real_landmark_sanity/cases/face_003/igs_1p50/add_black_sunglasses/strong/seed_00/candidates/cand_008_g01_m08/perturbed.png,phase4/outputs/phase4c_real_landmark_sanity/cases/face_003/igs_1p50/add_black_sunglasses/strong/seed_00/candidates/cand_008_g01_m08/perturbed_edit.png,phase4/outputs/phase4c_real_landmark_sanity/cases/face_003/igs_1p50/add_black_sunglasses/strong/seed_00/candidates/cand_008_g01_m08/regions_overlay_original.jpg,0.043652117252349854,0.043652117252349854,phase4c_real_landmark_sanity,0.0727917198317415,0.14292030413491855,"8.0*max(0,semantic_drop)+0.5*output_disruption-3.0*input_damage_penalty-0.75*geometry_excess_penalty",strong,0.0727917198317415,"8.0*max(0,semantic_drop)+0.5*output_disruption-3.0*input_damage_penalty-0.75*geometry_excess_penalty",add black sunglasses,add_black_sunglasses,glasses,15,True,46001,0.00016644597053527832,8.0,0.88,"['scale_logit', 'action_eye_spread', 'action_eye_compress', 'action_eye_squint', 'action_eye_raise_left', 'action_eye_raise_right', 'action_nose_bridge_shift_x', 'action_asymmetry_twist']","[0.6432395577430725, 1.0873241424560547, 0.5870634317398071, -1.2339506149291992, -1.6069066524505615, -0.892203688621521, -0.41645750403404236, 0.20265518128871918]"
phase4/outputs/phase4c_real_landmark_sanity/cases/face_003/igs_1p50/add_black_sunglasses/strong/seed_00/candidates/cand_020_g02_m08,strong,8.0,phase4/outputs/phase4c_real_landmark_sanity/cases/face_003/igs_1p50/add_black_sunglasses/strong/seed_00/candidates/cand_020_g02_m08,20,cand_020_g02_m08,face_003__add_black_sunglasses__igs_1p50,0.04381856322288513,0.04381856322288513,True,-0.0011219680309295654,,False,,metric_only_candidate,"['semantic_drop_nonpositive:-0.0011', 'semantic_drop_nonpositive:-0.0011', 'semantic_drop_nonpositive:-0.0011']",0.0,4.901402223855257,face_003,0.062078209499286725,-0.0011219680309295654,2,0.0,0.75,landmark_piecewise_affine,7.5,False,1.5,False,0.0,3.0,0.013170471990462307,0.43137258291244507,0.005146598443388939,0.7220451633135477,37.607973218789745,0.9666454195976257,478,mediapipe_python_solutions_face_mesh,2.573820114135742,8.0,0.32773730158805847,8,0.12415641899857345,0.5,0.017417550970994986,0.6352941393852234,0.00799661222845316,35.18025819730668,0.9455137848854065,1.127777099609375,phase4/outputs/phase4c_real_landmark_sanity/cases/face_003/igs_1p50/add_black_sunglasses/strong/seed_00/candidates/cand_020_g02_m08/clean_edit.png,phase4/outputs/phase4c_real_landmark_sanity/cases/face_003/igs_1p50/add_black_sunglasses/strong/seed_00/candidates/cand_020_g02_m08/flow.png,phase4/outputs/phase4c_real_landmark_sanity/cases/face_003/igs_1p50/add_black_sunglasses/strong/seed_00/candidates/cand_020_g02_m08/landmarks_overlay_original.jpg,phase4/outputs/phase4c_real_landmark_sanity/cases/face_003/igs_1p50/add_black_sunglasses/strong/seed_00/candidates/cand_020_g02_m08/landmarks_overlay_perturbed.jpg,phase4/outputs/phase4c_real_landmark_sanity/cases/face_003/igs_1p50/add_black_sunglasses/strong/seed_00/candidates/cand_020_g02_m08/original.png,phase4/outputs/phase4c_real_landmark_sanity/cases/face_003/igs_1p50/add_black_sunglasses/strong/seed_00/candidates/cand_020_g02_m08/perturbed.png,phase4/outputs/phase4c_real_landmark_sanity/cases/face_003/igs_1p50/add_black_sunglasses/strong/seed_00/candidates/cand_020_g02_m08/perturbed_edit.png,phase4/outputs/phase4c_real_landmark_sanity/cases/face_003/igs_1p50/add_black_sunglasses/strong/seed_00/candidates/cand_020_g02_m08/regions_overlay_original.jpg,0.0449405312538147,0.0449405312538147,phase4c_real_landmark_sanity,0.062078209499286725,0.12415641899857345,"8.0*max(0,semantic_drop)+0.5*output_disruption-3.0*input_damage_penalty-0.75*geometry_excess_penalty",strong,0.062078209499286725,"8.0*max(0,semantic_drop)+0.5*output_disruption-3.0*input_damage_penalty-0.75*geometry_excess_penalty",add black sunglasses,add_black_sunglasses,glasses,16,True,46001,-0.0011219680309295654,8.0,0.88,"['scale_logit', 'action_eye_spread', 'action_eye_compress', 'action_eye_squint', 'action_eye_raise_left', 'action_eye_raise_right', 'action_nose_bridge_shift_x', 'action_asymmetry_twist']","[-0.582665741443634, -1.9582606554031372, -0.30394190549850464, 0.17429029941558838, 0.015832841396331787, -1.5502077341079712, 0.9718862771987915, -0.23904351890087128]"
phase4/outputs/phase4c_real_landmark_sanity/cases/face_003/igs_1p50/add_black_sunglasses/strong/seed_00/candidates/cand_011_g01_m11,strong,8.0,phase4/outputs/phase4c_real_landmark_sanity/cases/face_003/igs_1p50/add_black_sunglasses/strong/seed_00/candidates/cand_011_g01_m11,11,cand_011_g01_m11,face_003__add_black_sunglasses__igs_1p50,0.04381856322288513,0.04381856322288513,True,0.0005889534950256348,,False,,metric_only_candidate,"['semantic_drop_small:0.0006', 'semantic_drop_small:0.0006', 'semantic_drop_small:0.0006']",0.0005889534950256348,5.319453302770853,face_003,0.05831865975417186,0.0005889534950256348,1,0.0,0.75,landmark_piecewise_affine,7.5,False,1.5,False,0.0,3.0,0.008495508953499757,0.30588236451148987,0.0036016821395605803,0.8741035660107931,41.41621196138337,0.9848924279212952,478,mediapipe_python_solutions_face_mesh,1.3628692626953125,8.0,0.2478971630334854,11,0.10721406358793356,0.5,0.015605963812060602,0.6235294342041016,0.007420207839459181,36.13418808968945,0.9552097916603088,0.646693229675293,phase4/outputs/phase4c_real_landmark_sanity/cases/face_003/igs_1p50/add_black_sunglasses/strong/seed_00/candidates/cand_011_g01_m11/clean_edit.png,phase4/outputs/phase4c_real_landmark_sanity/cases/face_003/igs_1p50/add_black_sunglasses/strong/seed_00/candidates/cand_011_g01_m11/flow.png,phase4/outputs/phase4c_real_landmark_sanity/cases/face_003/igs_1p50/add_black_sunglasses/strong/seed_00/candidates/cand_011_g01_m11/landmarks_overlay_original.jpg,phase4/outputs/phase4c_real_landmark_sanity/cases/face_003/igs_1p50/add_black_sunglasses/strong/seed_00/candidates/cand_011_g01_m11/landmarks_overlay_perturbed.jpg,phase4/outputs/phase4c_real_landmark_sanity/cases/face_003/igs_1p50/add_black_sunglasses/strong/seed_00/candidates/cand_011_g01_m11/original.png,phase4/outputs/phase4c_real_landmark_sanity/cases/face_003/igs_1p50/add_black_sunglasses/strong/seed_00/candidates/cand_011_g01_m11/perturbed.png,phase4/outputs/phase4c_real_landmark_sanity/cases/face_003/igs_1p50/add_black_sunglasses/strong/seed_00/candidates/cand_011_g01_m11/perturbed_edit.png,phase4/outputs/phase4c_real_landmark_sanity/cases/face_003/igs_1p50/add_black_sunglasses/strong/seed_00/candidates/cand_011_g01_m11/regions_overlay_original.jpg,0.0432296097278595,0.0432296097278595,phase4c_real_landmark_sanity,0.05831865975417186,0.10721406358793356,"8.0*max(0,semantic_drop)+0.5*output_disruption-3.0*input_damage_penalty-0.75*geometry_excess_penalty",strong,0.05831865975417186,"8.0*max(0,semantic_drop)+0.5*output_disruption-3.0*input_damage_penalty-0.75*geometry_excess_penalty",add black sunglasses,add_black_sunglasses,glasses,17,True,46001,0.0005889534950256348,8.0,0.88,"['scale_logit', 'action_eye_spread', 'action_eye_compress', 'action_eye_squint', 'action_eye_raise_left', 'action_eye_raise_right', 'action_nose_bridge_shift_x', 'action_asymmetry_twist']","[-1.561228632926941, 0.12232393771409988, -0.18771964311599731, 0.07738243788480759, -1.6849706172943115, 0.462159126996994, 0.41145405173301697, -0.802871823310852]"
phase4/outputs/phase4c_real_landmark_sanity/cases/face_003/igs_1p50/add_black_sunglasses/strong/seed_00/candidates/cand_005_g01_m05,strong,8.0,phase4/outputs/phase4c_real_landmark_sanity/cases/face_003/igs_1p50/add_black_sunglasses/strong/seed_00/candidates/cand_005_g01_m05,5,cand_005_g01_m05,face_003__add_black_sunglasses__igs_1p50,0.04381856322288513,0.04381856322288513,True,-0.0006168186664581299,,False,,metric_only_candidate,"['semantic_drop_nonpositive:-0.0006', 'semantic_drop_nonpositive:-0.0006', 'semantic_drop_nonpositive:-0.0006']",0.0,4.867979966104031,face_003,0.047371801058029114,-0.0006168186664581299,1,0.0,0.75,landmark_piecewise_affine,7.5,False,1.5,False,0.0,3.0,0.008224149353784172,0.35686278343200684,0.003054180881008506,0.8956456780433655,41.698180226374475,0.9874774813652039,478,mediapipe_python_solutions_face_mesh,1.8941214084625244,8.0,0.20342576503753662,5,0.09474360211605823,0.5,0.014037458260642975,0.5372549295425415,0.00664759473875165,37.05423044142985,0.9614062309265137,0.5269012451171875,phase4/outputs/phase4c_real_landmark_sanity/cases/face_003/igs_1p50/add_black_sunglasses/strong/seed_00/candidates/cand_005_g01_m05/clean_edit.png,phase4/outputs/phase4c_real_landmark_sanity/cases/face_003/igs_1p50/add_black_sunglasses/strong/seed_00/candidates/cand_005_g01_m05/flow.png,phase4/outputs/phase4c_real_landmark_sanity/cases/face_003/igs_1p50/add_black_sunglasses/strong/seed_00/candidates/cand_005_g01_m05/landmarks_overlay_original.jpg,phase4/outputs/phase4c_real_landmark_sanity/cases/face_003/igs_1p50/add_black_sunglasses/strong/seed_00/candidates/cand_005_g01_m05/landmarks_overlay_perturbed.jpg,phase4/outputs/phase4c_real_landmark_sanity/cases/face_003/igs_1p50/add_black_sunglasses/strong/seed_00/candidates/cand_005_g01_m05/original.png,phase4/outputs/phase4c_real_landmark_sanity/cases/face_003/igs_1p50/add_black_sunglasses/strong/seed_00/candidates/cand_005_g01_m05/perturbed.png,phase4/outputs/phase4c_real_landmark_sanity/cases/face_003/igs_1p50/add_black_sunglasses/strong/seed_00/candidates/cand_005_g01_m05/perturbed_edit.png,phase4/outputs/phase4c_real_landmark_sanity/cases/face_003/igs_1p50/add_black_sunglasses/strong/seed_00/candidates/cand_005_g01_m05/regions_overlay_original.jpg,0.04443538188934326,0.04443538188934326,phase4c_real_landmark_sanity,0.047371801058029114,0.09474360211605823,"8.0*max(0,semantic_drop)+0.5*output_disruption-3.0*input_damage_penalty-0.75*geometry_excess_penalty",strong,0.047371801058029114,"8.0*max(0,semantic_drop)+0.5*output_disruption-3.0*input_damage_penalty-0.75*geometry_excess_penalty",add black sunglasses,add_black_sunglasses,glasses,18,True,46001,-0.0006168186664581299,8.0,0.88,"['scale_logit', 'action_eye_spread', 'action_eye_compress', 'action_eye_squint', 'action_eye_raise_left', 'action_eye_raise_right', 'action_nose_bridge_shift_x', 'action_asymmetry_twist']","[-0.8498667478561401, 0.6294373869895935, 0.22276367247104645, 0.7333494424819946, 1.0581952333450317, 0.5757685303688049, 0.09716849029064178, -0.3416435122489929]"
phase4/outputs/phase4c_real_landmark_sanity/cases/face_003/igs_1p50/add_black_sunglasses/strong/seed_00/candidates/cand_007_g01_m07,strong,8.0,phase4/outputs/phase4c_real_landmark_sanity/cases/face_003/igs_1p50/add_black_sunglasses/strong/seed_00/candidates/cand_007_g01_m07,7,cand_007_g01_m07,face_003__add_black_sunglasses__igs_1p50,0.04381856322288513,0.04381856322288513,True,-0.0006423890590667725,,False,,metric_only_candidate,"['semantic_drop_nonpositive:-0.0006', 'semantic_drop_nonpositive:-0.0006', 'semantic_drop_nonpositive:-0.0006']",0.0,4.732015451416373,face_003,0.03787430741335167,-0.0006423890590667725,1,0.0,0.75,landmark_piecewise_affine,7.5,False,1.5,False,0.0,3.0,0.012482683310078655,0.5058823823928833,0.0024494496174156666,0.8606269558270773,38.07384095092697,0.9832752346992493,478,mediapipe_python_solutions_face_mesh,4.10177755355835,8.0,0.15166640281677246,7,0.07574861482670334,0.5,0.01408080566895611,0.6705882549285889,0.0038325346540659666,37.02744990448672,0.9805746078491211,1.0040043592453003,phase4/outputs/phase4c_real_landmark_sanity/cases/face_003/igs_1p50/add_black_sunglasses/strong/seed_00/candidates/cand_007_g01_m07/clean_edit.png,phase4/outputs/phase4c_real_landmark_sanity/cases/face_003/igs_1p50/add_black_sunglasses/strong/seed_00/candidates/cand_007_g01_m07/flow.png,phase4/outputs/phase4c_real_landmark_sanity/cases/face_003/igs_1p50/add_black_sunglasses/strong/seed_00/candidates/cand_007_g01_m07/landmarks_overlay_original.jpg,phase4/outputs/phase4c_real_landmark_sanity/cases/face_003/igs_1p50/add_black_sunglasses/strong/seed_00/candidates/cand_007_g01_m07/landmarks_overlay_perturbed.jpg,phase4/outputs/phase4c_real_landmark_sanity/cases/face_003/igs_1p50/add_black_sunglasses/strong/seed_00/candidates/cand_007_g01_m07/original.png,phase4/outputs/phase4c_real_landmark_sanity/cases/face_003/igs_1p50/add_black_sunglasses/strong/seed_00/candidates/cand_007_g01_m07/perturbed.png,phase4/outputs/phase4c_real_landmark_sanity/cases/face_003/igs_1p50/add_black_sunglasses/strong/seed_00/candidates/cand_007_g01_m07/perturbed_edit.png,phase4/outputs/phase4c_real_landmark_sanity/cases/face_003/igs_1p50/add_black_sunglasses/strong/seed_00/candidates/cand_007_g01_m07/regions_overlay_original.jpg,0.044460952281951904,0.044460952281951904,phase4c_real_landmark_sanity,0.03787430741335167,0.07574861482670334,"8.0*max(0,semantic_drop)+0.5*output_disruption-3.0*input_damage_penalty-0.75*geometry_excess_penalty",strong,0.03787430741335167,"8.0*max(0,semantic_drop)+0.5*output_disruption-3.0*input_damage_penalty-0.75*geometry_excess_penalty",add black sunglasses,add_black_sunglasses,glasses,19,True,46001,-0.0006423890590667725,8.0,0.88,"['scale_logit', 'action_eye_spread', 'action_eye_compress', 'action_eye_squint', 'action_eye_raise_left', 'action_eye_raise_right', 'action_nose_bridge_shift_x', 'action_asymmetry_twist']","[0.2566474378108978, -0.11967310309410095, -0.15323668718338013, 0.8988611698150635, 0.6832894086837769, 0.0703970193862915, -0.20989835262298584, 0.0012136386940255761]"
phase4/outputs/phase4c_real_landmark_sanity/cases/face_003/igs_1p50/add_black_sunglasses/strong/seed_00/candidates/cand_000_initial,strong,8.0,phase4/outputs/phase4c_real_landmark_sanity/cases/face_003/igs_1p50/add_black_sunglasses/strong/seed_00/candidates/cand_000_initial,0,cand_000_initial,face_003__add_black_sunglasses__igs_1p50,0.04381856322288513,0.04381856322288513,True,0.0,,False,,metric_only_candidate,"['semantic_drop_nonpositive:0.0000', 'semantic_drop_nonpositive:0.0000', 'semantic_drop_nonpositive:0.0000']",0.0,5.283895472064614,face_003,0.0,0.0,0,0.0,0.75,landmark_semantic_tps,7.5,False,1.5,True,0.0,3.0,0.0,0.0,0.0,1.0,100.0,1.0,478,mediapipe_python_solutions_face_mesh,0.0,8.0,0.0,0,0.0,0.5,0.0,0.0,0.0,100.0,1.0,0.0,phase4/outputs/phase4c_real_landmark_sanity/cases/face_003/igs_1p50/add_black_sunglasses/strong/seed_00/candidates/cand_000_initial/clean_edit.png,phase4/outputs/phase4c_real_landmark_sanity/cases/face_003/igs_1p50/add_black_sunglasses/strong/seed_00/candidates/cand_000_initial/flow.png,phase4/outputs/phase4c_real_landmark_sanity/cases/face_003/igs_1p50/add_black_sunglasses/strong/seed_00/candidates/cand_000_initial/landmarks_overlay_original.jpg,phase4/outputs/phase4c_real_landmark_sanity/cases/face_003/igs_1p50/add_black_sunglasses/strong/seed_00/candidates/cand_000_initial/landmarks_overlay_perturbed.jpg,phase4/outputs/phase4c_real_landmark_sanity/cases/face_003/igs_1p50/add_black_sunglasses/strong/seed_00/candidates/cand_000_initial/original.png,phase4/outputs/phase4c_real_landmark_sanity/cases/face_003/igs_1p50/add_black_sunglasses/strong/seed_00/candidates/cand_000_initial/perturbed.png,phase4/outputs/phase4c_real_landmark_sanity/cases/face_003/igs_1p50/add_black_sunglasses/strong/seed_00/candidates/cand_000_initial/perturbed_edit.png,phase4/outputs/phase4c_real_landmark_sanity/cases/face_003/igs_1p50/add_black_sunglasses/strong/seed_00/candidates/cand_000_initial/regions_overlay_original.jpg,0.04381856322288513,0.04381856322288513,phase4c_real_landmark_sanity,0.0,0.0,"8.0*max(0,semantic_drop)+0.5*output_disruption-3.0*input_damage_penalty-0.75*geometry_excess_penalty",strong,0.0,"8.0*max(0,semantic_drop)+0.5*output_disruption-3.0*input_damage_penalty-0.75*geometry_excess_penalty",add black sunglasses,add_black_sunglasses,glasses,20,True,46001,0.0,8.0,0.88,"['scale_logit', 'action_eye_spread', 'action_eye_compress', 'action_eye_squint', 'action_eye_raise_left', 'action_eye_raise_right', 'action_nose_bridge_shift_x', 'action_asymmetry_twist']","[0.0, 0.0, 0.0, 0.0, 0.0, 0.0, 0.0, 0.0]"
phase4/outputs/phase4c_real_landmark_sanity/cases/face_003/igs_1p50/add_black_sunglasses/strong/seed_00/candidates/cand_010_g01_m10,strong,8.0,phase4/outputs/phase4c_real_landmark_sanity/cases/face_003/igs_1p50/add_black_sunglasses/strong/seed_00/candidates/cand_010_g01_m10,10,cand_010_g01_m10,face_003__add_black_sunglasses__igs_1p50,0.04381856322288513,0.04381856322288513,True,-0.0008385181427001953,,False,,reject_input_damage,"['input_ssim_below_target:0.8461<0.8800', 'semantic_drop_nonpositive:-0.0008']",0.0,5.139414023607969,face_003,-0.6638355712110782,-0.0008385181427001953,1,0.0,0.75,landmark_piecewise_affine,7.5,False,1.5,False,0.27137426376342777,3.0,0.03582483082430297,0.6235294342041016,0.017364611849188805,0.0,28.916317035916013,0.8460782170295715,478,mediapipe_python_solutions_face_mesh,7.992000579833984,8.0,1.5419247150421143,10,0.3005744401584104,0.5,0.03618529895866999,0.6823529601097107,0.01839589886367321,28.829356698666885,0.8441667556762695,4.848904609680176,phase4/outputs/phase4c_real_landmark_sanity/cases/face_003/igs_1p50/add_black_sunglasses/strong/seed_00/candidates/cand_010_g01_m10/clean_edit.png,phase4/outputs/phase4c_real_landmark_sanity/cases/face_003/igs_1p50/add_black_sunglasses/strong/seed_00/candidates/cand_010_g01_m10/flow.png,phase4/outputs/phase4c_real_landmark_sanity/cases/face_003/igs_1p50/add_black_sunglasses/strong/seed_00/candidates/cand_010_g01_m10/landmarks_overlay_original.jpg,phase4/outputs/phase4c_real_landmark_sanity/cases/face_003/igs_1p50/add_black_sunglasses/strong/seed_00/candidates/cand_010_g01_m10/landmarks_overlay_perturbed.jpg,phase4/outputs/phase4c_real_landmark_sanity/cases/face_003/igs_1p50/add_black_sunglasses/strong/seed_00/candidates/cand_010_g01_m10/original.png,phase4/outputs/phase4c_real_landmark_sanity/cases/face_003/igs_1p50/add_black_sunglasses/strong/seed_00/candidates/cand_010_g01_m10/perturbed.png,phase4/outputs/phase4c_real_landmark_sanity/cases/face_003/igs_1p50/add_black_sunglasses/strong/seed_00/candidates/cand_010_g01_m10/perturbed_edit.png,phase4/outputs/phase4c_real_landmark_sanity/cases/face_003/igs_1p50/add_black_sunglasses/strong/seed_00/candidates/cand_010_g01_m10/regions_overlay_original.jpg,0.04465708136558533,0.04465708136558533,phase4c_real_landmark_sanity,-0.6638355712110782,0.3005744401584104,"8.0*max(0,semantic_drop)+0.5*output_disruption-3.0*input_damage_penalty-0.75*geometry_excess_penalty",strong,-0.6638355712110782,"8.0*max(0,semantic_drop)+0.5*output_disruption-3.0*input_damage_penalty-0.75*geometry_excess_penalty",add black sunglasses,add_black_sunglasses,glasses,21,True,46001,-0.0008385181427001953,8.0,0.88,"['scale_logit', 'action_eye_spread', 'action_eye_compress', 'action_eye_squint', 'action_eye_raise_left', 'action_eye_raise_right', 'action_nose_bridge_shift_x', 'action_asymmetry_twist']","[0.4025828540325165, -0.8639481663703918, 2.2623305320739746, 1.7854516506195068, -0.9937043786048889, -0.8335093259811401, -0.4464528262615204, -1.1356264352798462]"
phase4/outputs/phase4c_real_landmark_sanity/cases/face_003/igs_1p50/add_black_sunglasses/strong/seed_00/candidates/cand_004_g01_m04,strong,8.0,phase4/outputs/phase4c_real_landmark_sanity/cases/face_003/igs_1p50/add_black_sunglasses/strong/seed_00/candidates/cand_004_g01_m04,4,cand_004_g01_m04,face_003__add_black_sunglasses__igs_1p50,0.04381856322288513,0.04381856322288513,True,-4.398822784423828e-05,,False,,reject_input_damage,"['input_ssim_below_target:0.8113<0.8800', 'semantic_drop_nonpositive:-0.0000']",0.0,4.977845132350922,face_003,-1.471408531371441,-4.398822784423828e-05,1,0.0,0.75,landmark_piecewise_affine,7.5,False,1.5,False,0.5496144676208496,3.0,0.039262106646359034,0.5921568870544434,0.020334690809249878,0.0,28.120528032395463,0.8112981915473938,478,mediapipe_python_solutions_face_mesh,7.992001056671143,8.0,1.9002324342727661,4,0.35486974298221596,0.5,0.041050647644357695,0.8196078538894653,0.020903408527374268,27.733599735006752,0.8093328475952148,5.059539794921875,phase4/outputs/phase4c_real_landmark_sanity/cases/face_003/igs_1p50/add_black_sunglasses/strong/seed_00/candidates/cand_004_g01_m04/clean_edit.png,phase4/outputs/phase4c_real_landmark_sanity/cases/face_003/igs_1p50/add_black_sunglasses/strong/seed_00/candidates/cand_004_g01_m04/flow.png,phase4/outputs/phase4c_real_landmark_sanity/cases/face_003/igs_1p50/add_black_sunglasses/strong/seed_00/candidates/cand_004_g01_m04/landmarks_overlay_original.jpg,phase4/outputs/phase4c_real_landmark_sanity/cases/face_003/igs_1p50/add_black_sunglasses/strong/seed_00/candidates/cand_004_g01_m04/landmarks_overlay_perturbed.jpg,phase4/outputs/phase4c_real_landmark_sanity/cases/face_003/igs_1p50/add_black_sunglasses/strong/seed_00/candidates/cand_004_g01_m04/original.png,phase4/outputs/phase4c_real_landmark_sanity/cases/face_003/igs_1p50/add_black_sunglasses/strong/seed_00/candidates/cand_004_g01_m04/perturbed.png,phase4/outputs/phase4c_real_landmark_sanity/cases/face_003/igs_1p50/add_black_sunglasses/strong/seed_00/candidates/cand_004_g01_m04/perturbed_edit.png,phase4/outputs/phase4c_real_landmark_sanity/cases/face_003/igs_1p50/add_black_sunglasses/strong/seed_00/candidates/cand_004_g01_m04/regions_overlay_original.jpg,0.04386255145072937,0.04386255145072937,phase4c_real_landmark_sanity,-1.471408531371441,0.35486974298221596,"8.0*max(0,semantic_drop)+0.5*output_disruption-3.0*input_damage_penalty-0.75*geometry_excess_penalty",strong,-1.471408531371441,"8.0*max(0,semantic_drop)+0.5*output_disruption-3.0*input_damage_penalty-0.75*geometry_excess_penalty",add black sunglasses,add_black_sunglasses,glasses,22,True,46001,-4.398822784423828e-05,8.0,0.88,"['scale_logit', 'action_eye_spread', 'action_eye_compress', 'action_eye_squint', 'action_eye_raise_left', 'action_eye_raise_right', 'action_nose_bridge_shift_x', 'action_asymmetry_twist']","[0.7356476187705994, 1.3742965459823608, -0.8793582320213318, 1.158255934715271, 0.3559134900569916, -0.8335386514663696, 0.7566707134246826, 2.5]"
phase4/outputs/phase4c_real_landmark_sanity/cases/face_003/igs_1p50/add_black_sunglasses/strong/seed_00/candidates/cand_003_g01_m03,strong,8.0,phase4/outputs/phase4c_real_landmark_sanity/cases/face_003/igs_1p50/add_black_sunglasses/strong/seed_00/candidates/cand_003_g01_m03,3,cand_003_g01_m03,face_003__add_black_sunglasses__igs_1p50,0.04381856322288513,0.04381856322288513,True,0.0017860829830169678,,False,,reject_input_damage,"['input_ssim_below_target:0.7982<0.8800', 'semantic_drop_small:0.0018']",0.0017860829830169678,6.04169686883688,face_003,-1.7338694897752318,0.0017860829830169678,1,0.0,0.75,landmark_semantic_tps,7.5,False,1.5,False,0.6545281791687012,3.0,0.04594467755770686,0.5960784554481506,0.022901669144630432,0.0,26.755295840595828,0.7981839776039124,478,mediapipe_python_solutions_face_mesh,7.992001056671143,8.0,2.4245171546936035,3,0.43085276773347236,0.5,0.05467833501789415,0.843137264251709,0.025384485721588135,25.243694367654967,0.7878605723381042,6.891087532043457,phase4/outputs/phase4c_real_landmark_sanity/cases/face_003/igs_1p50/add_black_sunglasses/strong/seed_00/candidates/cand_003_g01_m03/clean_edit.png,phase4/outputs/phase4c_real_landmark_sanity/cases/face_003/igs_1p50/add_black_sunglasses/strong/seed_00/candidates/cand_003_g01_m03/flow.png,phase4/outputs/phase4c_real_landmark_sanity/cases/face_003/igs_1p50/add_black_sunglasses/strong/seed_00/candidates/cand_003_g01_m03/landmarks_overlay_original.jpg,phase4/outputs/phase4c_real_landmark_sanity/cases/face_003/igs_1p50/add_black_sunglasses/strong/seed_00/candidates/cand_003_g01_m03/landmarks_overlay_perturbed.jpg,phase4/outputs/phase4c_real_landmark_sanity/cases/face_003/igs_1p50/add_black_sunglasses/strong/seed_00/candidates/cand_003_g01_m03/original.png,phase4/outputs/phase4c_real_landmark_sanity/cases/face_003/igs_1p50/add_black_sunglasses/strong/seed_00/candidates/cand_003_g01_m03/perturbed.png,phase4/outputs/phase4c_real_landmark_sanity/cases/face_003/igs_1p50/add_black_sunglasses/strong/seed_00/candidates/cand_003_g01_m03/perturbed_edit.png,phase4/outputs/phase4c_real_landmark_sanity/cases/face_003/igs_1p50/add_black_sunglasses/strong/seed_00/candidates/cand_003_g01_m03/regions_overlay_original.jpg,0.042032480239868164,0.042032480239868164,phase4c_real_landmark_sanity,-1.7338694897752318,0.43085276773347236,"8.0*max(0,semantic_drop)+0.5*output_disruption-3.0*input_damage_penalty-0.75*geometry_excess_penalty",strong,-1.7338694897752318,"8.0*max(0,semantic_drop)+0.5*output_disruption-3.0*input_damage_penalty-0.75*geometry_excess_penalty",add black sunglasses,add_black_sunglasses,glasses,23,True,46001,0.0017860829830169678,8.0,0.88,"['scale_logit', 'action_eye_spread', 'action_eye_compress', 'action_eye_squint', 'action_eye_raise_left', 'action_eye_raise_right', 'action_nose_bridge_shift_x', 'action_asymmetry_twist']","[0.5761086940765381, 0.1660533845424652, 1.313314437866211, -1.584463357925415, -0.874013364315033, -1.045811414718628, -0.5318604707717896, 0.001673285849392414]"
phase4/outputs/phase4c_real_landmark_sanity/cases/face_003/igs_1p50/add_black_sunglasses/strong/seed_00/candidates/cand_013_g02_m01,strong,8.0,phase4/outputs/phase4c_real_landmark_sanity/cases/face_003/igs_1p50/add_black_sunglasses/strong/seed_00/candidates/cand_013_g02_m01,13,cand_013_g02_m01,face_003__add_black_sunglasses__igs_1p50,0.04381856322288513,0.04381856322288513,True,0.0012549757957458496,,False,,reject_input_damage,"['input_ssim_below_target:0.7767<0.8800', 'semantic_drop_small:0.0013']",0.0012549757957458496,11.037712326273322,face_003,-2.2389192994355467,0.0012549757957458496,2,0.0,0.75,landmark_semantic_tps,7.5,False,1.5,False,0.826588191986084,3.0,0.05339165855567802,0.6509804129600525,0.02615867368876934,0.0,25.45053176063127,0.7766764760017395,478,mediapipe_python_solutions_face_mesh,7.992001533508301,8.0,2.7329115867614746,1,0.46161094031347755,0.5,0.0584351040959704,0.8078431487083435,0.0274112056940794,24.666523559468896,0.772129476070404,7.992000102996826,phase4/outputs/phase4c_real_landmark_sanity/cases/face_003/igs_1p50/add_black_sunglasses/strong/seed_00/candidates/cand_013_g02_m01/clean_edit.png,phase4/outputs/phase4c_real_landmark_sanity/cases/face_003/igs_1p50/add_black_sunglasses/strong/seed_00/candidates/cand_013_g02_m01/flow.png,phase4/outputs/phase4c_real_landmark_sanity/cases/face_003/igs_1p50/add_black_sunglasses/strong/seed_00/candidates/cand_013_g02_m01/landmarks_overlay_original.jpg,phase4/outputs/phase4c_real_landmark_sanity/cases/face_003/igs_1p50/add_black_sunglasses/strong/seed_00/candidates/cand_013_g02_m01/landmarks_overlay_perturbed.jpg,phase4/outputs/phase4c_real_landmark_sanity/cases/face_003/igs_1p50/add_black_sunglasses/strong/seed_00/candidates/cand_013_g02_m01/original.png,phase4/outputs/phase4c_real_landmark_sanity/cases/face_003/igs_1p50/add_black_sunglasses/strong/seed_00/candidates/cand_013_g02_m01/perturbed.png,phase4/outputs/phase4c_real_landmark_sanity/cases/face_003/igs_1p50/add_black_sunglasses/strong/seed_00/candidates/cand_013_g02_m01/perturbed_edit.png,phase4/outputs/phase4c_real_landmark_sanity/cases/face_003/igs_1p50/add_black_sunglasses/strong/seed_00/candidates/cand_013_g02_m01/regions_overlay_original.jpg,0.04256358742713928,0.04256358742713928,phase4c_real_landmark_sanity,-2.2389192994355467,0.46161094031347755,"8.0*max(0,semantic_drop)+0.5*output_disruption-3.0*input_damage_penalty-0.75*geometry_excess_penalty",strong,-2.2389192994355467,"8.0*max(0,semantic_drop)+0.5*output_disruption-3.0*input_damage_penalty-0.75*geometry_excess_penalty",add black sunglasses,add_black_sunglasses,glasses,24,True,46001,0.0012549757957458496,8.0,0.88,"['scale_logit', 'action_eye_spread', 'action_eye_compress', 'action_eye_squint', 'action_eye_raise_left', 'action_eye_raise_right', 'action_nose_bridge_shift_x', 'action_asymmetry_twist']","[0.45456475019454956, -1.0296685695648193, -1.088682770729065, 1.336169719696045, -0.9108142852783203, -0.4267902076244354, 0.7391461730003357, -1.0536527633666992]"
phase4/outputs/phase4c_real_landmark_sanity/cases/face_003/igs_1p50/add_black_sunglasses/strong/seed_00/candidates/cand_002_g01_m02,strong,8.0,phase4/outputs/phase4c_real_landmark_sanity/cases/face_003/igs_1p50/add_black_sunglasses/strong/seed_00/candidates/cand_002_g01_m02,2,cand_002_g01_m02,face_003__add_black_sunglasses__igs_1p50,0.04381856322288513,0.04381856322288513,True,-0.0012550652027130127,,False,,reject_input_damage,"['input_ssim_below_target:0.7741<0.8800', 'semantic_drop_nonpositive:-0.0013']",0.0,6.091007847338915,face_003,-2.290334321284191,-0.0012550652027130127,1,0.0,0.75,landmark_semantic_tps,7.5,False,1.5,False,0.8473840141296387,3.0,0.05118940313452431,0.6352941393852234,0.026226527988910675,0.0,25.816398685374754,0.7740769982337952,478,mediapipe_python_solutions_face_mesh,7.992001533508301,8.0,2.887507677078247,2,0.5036354422094504,0.5,0.06609153150325221,0.8588235378265381,0.029894106090068817,23.597083686844655,0.7607306838035583,7.992000102996826,phase4/outputs/phase4c_real_landmark_sanity/cases/face_003/igs_1p50/add_black_sunglasses/strong/seed_00/candidates/cand_002_g01_m02/clean_edit.png,phase4/outputs/phase4c_real_landmark_sanity/cases/face_003/igs_1p50/add_black_sunglasses/strong/seed_00/candidates/cand_002_g01_m02/flow.png,phase4/outputs/phase4c_real_landmark_sanity/cases/face_003/igs_1p50/add_black_sunglasses/strong/seed_00/candidates/cand_002_g01_m02/landmarks_overlay_original.jpg,phase4/outputs/phase4c_real_landmark_sanity/cases/face_003/igs_1p50/add_black_sunglasses/strong/seed_00/candidates/cand_002_g01_m02/landmarks_overlay_perturbed.jpg,phase4/outputs/phase4c_real_landmark_sanity/cases/face_003/igs_1p50/add_black_sunglasses/strong/seed_00/candidates/cand_002_g01_m02/original.png,phase4/outputs/phase4c_real_landmark_sanity/cases/face_003/igs_1p50/add_black_sunglasses/strong/seed_00/candidates/cand_002_g01_m02/perturbed.png,phase4/outputs/phase4c_real_landmark_sanity/cases/face_003/igs_1p50/add_black_sunglasses/strong/seed_00/candidates/cand_002_g01_m02/perturbed_edit.png,phase4/outputs/phase4c_real_landmark_sanity/cases/face_003/igs_1p50/add_black_sunglasses/strong/seed_00/candidates/cand_002_g01_m02/regions_overlay_original.jpg,0.045073628425598145,0.045073628425598145,phase4c_real_landmark_sanity,-2.290334321284191,0.5036354422094504,"8.0*max(0,semantic_drop)+0.5*output_disruption-3.0*input_damage_penalty-0.75*geometry_excess_penalty",strong,-2.290334321284191,"8.0*max(0,semantic_drop)+0.5*output_disruption-3.0*input_damage_penalty-0.75*geometry_excess_penalty",add black sunglasses,add_black_sunglasses,glasses,25,True,46001,-0.0012550652027130127,8.0,0.88,"['scale_logit', 'action_eye_spread', 'action_eye_compress', 'action_eye_squint', 'action_eye_raise_left', 'action_eye_raise_right', 'action_nose_bridge_shift_x', 'action_asymmetry_twist']","[0.5954672694206238, -0.7503784894943237, 0.11920464783906937, -1.5097602605819702, 0.4166259169578552, -0.565212607383728, 0.6221566200256348, 0.9421592950820923]"
