best_folder,budget,budget_max_disp_px,candidate_folder,candidate_index,candidate_name,case_id,clean_clip_positive_margin,clean_semantic_success_score,clip_available,clip_semantic_drop,clip_warning,crop_clip_available,crop_clip_warning,decision_label,decision_reasons,edit_failure_score,elapsed_seconds,face_id,final_attack_score,full_image_semantic_drop,generation,geometry_excess_penalty,geometry_excess_penalty_weight,geometry_method,guidance_scale,identity_or_face_health_available,image_guidance_scale,initial_candidate,input_damage_penalty,input_damage_penalty_weight,input_l2,input_max_abs,input_mean_abs,input_preservation_score,input_psnr,input_ssim,landmark_count,landmark_detector,left_crop_clean_margin,left_crop_perturbed_margin,left_crop_semantic_drop,max_disp_px,max_disp_px_budget,mean_crop_margin,mean_crop_semantic_drop,mean_disp_px,member,min_crop_margin,min_crop_semantic_drop,output_disruption_score,output_disruption_weight,output_l2,output_max_abs,output_mean_abs,output_psnr,output_ssim,p95_disp_px,path_clean_edit,path_flow,path_landmarks_overlay_original,path_landmarks_overlay_perturbed,path_original,path_perturbed,path_perturbed_edit,path_regions_overlay_original,perturbed_clip_positive_margin,perturbed_semantic_success_score,phase,phase2_final_score,phase2_output_disruption,phase2_score_formula,phase4_budget_name,phase4_final_score,phase4_score_formula,prompt,prompt_slug,prompt_type,rank,real_landmarks,right_crop_clean_margin,right_crop_perturbed_margin,right_crop_semantic_drop,seed,semantic_drop,semantic_drop_weight,target_input_ssim,theta_names,theta_values,top_crop_clean_margin,top_crop_perturbed_margin,top_crop_semantic_drop
phase4/outputs/phase4c_real_landmark_sanity/cases/face_003/igs_1p50/add_headphones/existence_probe/seed_00/candidates/cand_007_g01_m07,existence_probe,14.0,phase4/outputs/phase4c_real_landmark_sanity/cases/face_003/igs_1p50/add_headphones/existence_probe/seed_00/candidates/cand_007_g01_m07,7,cand_007_g01_m07,face_003__add_headphones__igs_1p50,0.04772844910621643,0.04772844910621643,True,0.0028454363346099854,,True,,metric_only_candidate,"['semantic_drop_small:0.0028', 'semantic_drop_small:0.0028', 'semantic_drop_small:0.0028']",0.0028454363346099854,4.6900597140192986,face_003,0.2670871758972103,0.0028454363346099854,1,0.0,0.75,landmark_piecewise_affine,7.5,False,1.5,False,0.0,3.0,0.042624929495862225,0.5647059082984924,0.022010281682014465,0.09589426083998236,27.40672652694883,0.8010967373847961,478,mediapipe_python_solutions_face_mesh,0.018402695655822754,0.020015746355056763,-0.0016130506992340088,7.484973907470703,14.0,0.010837564865748087,0.004496340950330098,2.0368094444274902,7,-0.010501846671104431,-0.0016130506992340088,0.4886473704406608,0.5,0.06206009509734782,0.929411768913269,0.0302868839353323,24.14375126526531,0.7595930099487305,4.725066661834717,phase4/outputs/phase4c_real_landmark_sanity/cases/face_003/igs_1p50/add_headphones/existence_probe/seed_00/candidates/cand_007_g01_m07/clean_edit.png,phase4/outputs/phase4c_real_landmark_sanity/cases/face_003/igs_1p50/add_headphones/existence_probe/seed_00/candidates/cand_007_g01_m07/flow.png,phase4/outputs/phase4c_real_landmark_sanity/cases/face_003/igs_1p50/add_headphones/existence_probe/seed_00/candidates/cand_007_g01_m07/landmarks_overlay_original.jpg,phase4/outputs/phase4c_real_landmark_sanity/cases/face_003/igs_1p50/add_headphones/existence_probe/seed_00/candidates/cand_007_g01_m07/landmarks_overlay_perturbed.jpg,phase4/outputs/phase4c_real_landmark_sanity/cases/face_003/igs_1p50/add_headphones/existence_probe/seed_00/candidates/cand_007_g01_m07/original.png,phase4/outputs/phase4c_real_landmark_sanity/cases/face_003/igs_1p50/add_headphones/existence_probe/seed_00/candidates/cand_007_g01_m07/perturbed.png,phase4/outputs/phase4c_real_landmark_sanity/cases/face_003/igs_1p50/add_headphones/existence_probe/seed_00/candidates/cand_007_g01_m07/perturbed_edit.png,phase4/outputs/phase4c_real_landmark_sanity/cases/face_003/igs_1p50/add_headphones/existence_probe/seed_00/candidates/cand_007_g01_m07/regions_overlay_original.jpg,0.044883012771606445,0.044883012771606445,phase4c_real_landmark_sanity,0.2670871758972103,0.4886473704406608,"8.0*max(0,semantic_drop)+0.5*output_disruption-3.0*input_damage_penalty-0.75*geometry_excess_penalty",existence_probe,0.2670871758972103,"8.0*max(0,semantic_drop)+0.5*output_disruption-3.0*input_damage_penalty-0.75*geometry_excess_penalty",add headphones,add_headphones,headphones,1,True,0.026048898696899414,0.02299879491329193,0.003050103783607483,44101,0.0028454363346099854,8.0,0.78,"['scale_logit', 'action_face_side_push_left', 'action_face_side_push_right', 'action_head_top_raise', 'action_head_top_lower', 'action_jaw_expand', 'action_jaw_compress', 'action_asymmetry_twist']","[-0.13227558135986328, -0.06634517014026642, 0.04635510966181755, -1.281225323677063, 0.548737645149231, 0.0173824243247509, -1.4615869522094727, -1.3717796802520752]",0.0015501230955123901,-0.010501846671104431,0.012051969766616821
phase4/outputs/phase4c_real_landmark_sanity/cases/face_003/igs_1p50/add_headphones/existence_probe/seed_00/candidates/cand_013_g02_m01,existence_probe,14.0,phase4/outputs/phase4c_real_landmark_sanity/cases/face_003/igs_1p50/add_headphones/existence_probe/seed_00/candidates/cand_013_g02_m01,13,cand_013_g02_m01,face_003__add_headphones__igs_1p50,0.04772844910621643,0.04772844910621643,True,0.0007759928703308105,,True,,metric_only_candidate,"['semantic_drop_small:0.0008', 'semantic_drop_small:0.0008', 'semantic_drop_small:0.0008']",0.0007759928703308105,5.390061507001519,face_003,0.24646956009156237,0.0007759928703308105,2,0.0,0.75,landmark_piecewise_affine,7.5,False,1.5,False,0.0,3.0,0.03926522578754888,0.5686274766921997,0.021207256242632866,0.13245222785256114,28.119838017458882,0.8091394901275635,478,mediapipe_python_solutions_face_mesh,0.018402695655822754,0.014762163162231445,0.0036405324935913086,7.934417247772217,14.0,0.009733234842618307,0.00560067097345988,1.853521466255188,1,-0.00714467465877533,0.0036405324935913086,0.4805232342578318,0.5,0.06266662618759637,0.9333333373069763,0.0303732231259346,24.059273719707697,0.7701432704925537,3.7975127696990967,phase4/outputs/phase4c_real_landmark_sanity/cases/face_003/igs_1p50/add_headphones/existence_probe/seed_00/candidates/cand_013_g02_m01/clean_edit.png,phase4/outputs/phase4c_real_landmark_sanity/cases/face_003/igs_1p50/add_headphones/existence_probe/seed_00/candidates/cand_013_g02_m01/flow.png,phase4/outputs/phase4c_real_landmark_sanity/cases/face_003/igs_1p50/add_headphones/existence_probe/seed_00/candidates/cand_013_g02_m01/landmarks_overlay_original.jpg,phase4/outputs/phase4c_real_landmark_sanity/cases/face_003/igs_1p50/add_headphones/existence_probe/seed_00/candidates/cand_013_g02_m01/landmarks_overlay_perturbed.jpg,phase4/outputs/phase4c_real_landmark_sanity/cases/face_003/igs_1p50/add_headphones/existence_probe/seed_00/candidates/cand_013_g02_m01/original.png,phase4/outputs/phase4c_real_landmark_sanity/cases/face_003/igs_1p50/add_headphones/existence_probe/seed_00/candidates/cand_013_g02_m01/perturbed.png,phase4/outputs/phase4c_real_landmark_sanity/cases/face_003/igs_1p50/add_headphones/existence_probe/seed_00/candidates/cand_013_g02_m01/perturbed_edit.png,phase4/outputs/phase4c_real_landmark_sanity/cases/face_003/igs_1p50/add_headphones/existence_probe/seed_00/candidates/cand_013_g02_m01/regions_overlay_original.jpg,0.04695245623588562,0.04695245623588562,phase4c_real_landmark_sanity,0.24646956009156237,0.4805232342578318,"8.0*max(0,semantic_drop)+0.5*output_disruption-3.0*input_damage_penalty-0.75*geometry_excess_penalty",existence_probe,0.24646956009156237,"8.0*max(0,semantic_drop)+0.5*output_disruption-3.0*input_damage_penalty-0.75*geometry_excess_penalty",add headphones,add_headphones,headphones,2,True,0.026048898696899414,0.021582216024398804,0.00446668267250061,44101,0.0007759928703308105,8.0,0.78,"['scale_logit', 'action_face_side_push_left', 'action_face_side_push_right', 'action_head_top_raise', 'action_head_top_lower', 'action_jaw_expand', 'action_jaw_compress', 'action_asymmetry_twist']","[-0.04169132933020592, 1.950163722038269, 0.08970166742801666, -0.08161069452762604, -0.6544643044471741, 0.14637072384357452, 0.7554489374160767, -1.2475031614303589]",0.0015501230955123901,-0.00714467465877533,0.00869479775428772
phase4/outputs/phase4c_real_landmark_sanity/cases/face_003/igs_1p50/add_headphones/existence_probe/seed_00/candidates/cand_004_g01_m04,existence_probe,14.0,phase4/outputs/phase4c_real_landmark_sanity/cases/face_003/igs_1p50/add_headphones/existence_probe/seed_00/candidates/cand_004_g01_m04,4,cand_004_g01_m04,face_003__add_headphones__igs_1p50,0.04772844910621643,0.04772844910621643,True,0.0002640187740325928,,True,,metric_only_candidate,"['semantic_drop_small:0.0003', 'semantic_drop_small:0.0003', 'semantic_drop_small:0.0003']",0.0002640187740325928,4.13018243201077,face_003,0.2041876552113699,0.0002640187740325928,1,0.0,0.75,landmark_piecewise_affine,7.5,False,1.5,False,0.0,3.0,0.03343058434667631,0.6039215922355652,0.01691451109945774,0.36414306814020325,29.517120642651125,0.8601114749908447,478,mediapipe_python_solutions_face_mesh,0.018402695655822754,0.015115827322006226,0.0032868683338165283,4.146388530731201,14.0,0.010095944007237753,0.005237961808840434,1.2983659505844116,4,-0.008985772728919983,0.0018911212682724,0.4041510100382183,0.5,0.05489918279691571,0.9254902005195618,0.02527335099875927,25.208682404051558,0.8154457211494446,3.149839401245117,phase4/outputs/phase4c_real_landmark_sanity/cases/face_003/igs_1p50/add_headphones/existence_probe/seed_00/candidates/cand_004_g01_m04/clean_edit.png,phase4/outputs/phase4c_real_landmark_sanity/cases/face_003/igs_1p50/add_headphones/existence_probe/seed_00/candidates/cand_004_g01_m04/flow.png,phase4/outputs/phase4c_real_landmark_sanity/cases/face_003/igs_1p50/add_headphones/existence_probe/seed_00/candidates/cand_004_g01_m04/landmarks_overlay_original.jpg,phase4/outputs/phase4c_real_landmark_sanity/cases/face_003/igs_1p50/add_headphones/existence_probe/seed_00/candidates/cand_004_g01_m04/landmarks_overlay_perturbed.jpg,phase4/outputs/phase4c_real_landmark_sanity/cases/face_003/igs_1p50/add_headphones/existence_probe/seed_00/candidates/cand_004_g01_m04/original.png,phase4/outputs/phase4c_real_landmark_sanity/cases/face_003/igs_1p50/add_headphones/existence_probe/seed_00/candidates/cand_004_g01_m04/perturbed.png,phase4/outputs/phase4c_real_landmark_sanity/cases/face_003/igs_1p50/add_headphones/existence_probe/seed_00/candidates/cand_004_g01_m04/perturbed_edit.png,phase4/outputs/phase4c_real_landmark_sanity/cases/face_003/igs_1p50/add_headphones/existence_probe/seed_00/candidates/cand_004_g01_m04/regions_overlay_original.jpg,0.04746443033218384,0.04746443033218384,phase4c_real_landmark_sanity,0.2041876552113699,0.4041510100382183,"8.0*max(0,semantic_drop)+0.5*output_disruption-3.0*input_damage_penalty-0.75*geometry_excess_penalty",existence_probe,0.2041876552113699,"8.0*max(0,semantic_drop)+0.5*output_disruption-3.0*input_damage_penalty-0.75*geometry_excess_penalty",add headphones,add_headphones,headphones,3,True,0.026048898696899414,0.024157777428627014,0.0018911212682724,44101,0.0002640187740325928,8.0,0.78,"['scale_logit', 'action_face_side_push_left', 'action_face_side_push_right', 'action_head_top_raise', 'action_head_top_lower', 'action_jaw_expand', 'action_jaw_compress', 'action_asymmetry_twist']","[-0.8142991065979004, 0.9485637545585632, -0.773667573928833, 1.451035737991333, 0.7678680419921875, 0.9891698956489563, -0.4239981174468994, -1.4242380857467651]",0.0015501230955123901,-0.008985772728919983,0.010535895824432373
phase4/outputs/phase4c_real_landmark_sanity/cases/face_003/igs_1p50/add_headphones/existence_probe/seed_00/candidates/cand_014_g02_m02,existence_probe,14.0,phase4/outputs/phase4c_real_landmark_sanity/cases/face_003/igs_1p50/add_headphones/existence_probe/seed_00/candidates/cand_014_g02_m02,14,cand_014_g02_m02,face_003__add_headphones__igs_1p50,0.04772844910621643,0.04772844910621643,True,0.0016116201877593994,,True,,metric_only_candidate,"['semantic_drop_small:0.0016', 'semantic_drop_small:0.0016', 'semantic_drop_small:0.0016']",0.0016116201877593994,4.13528879545629,face_003,0.1663708133492458,0.0016116201877593994,2,0.0,0.75,landmark_piecewise_affine,7.5,False,1.5,False,0.0,3.0,0.02455516451905711,0.49803924560546875,0.012084086425602436,0.5892386544834484,32.19714303518486,0.9096325039863586,478,mediapipe_python_solutions_face_mesh,0.018402695655822754,0.014661431312561035,0.0037412643432617188,3.0499978065490723,14.0,0.011135021845499674,0.004198883970578511,0.8889198899269104,2,-0.005897253751754761,0.001408010721206665,0.3069557036943412,0.5,0.04387162839341104,0.8627451062202454,0.01976497657597065,27.156324909736554,0.868530809879303,2.0685787200927734,phase4/outputs/phase4c_real_landmark_sanity/cases/face_003/igs_1p50/add_headphones/existence_probe/seed_00/candidates/cand_014_g02_m02/clean_edit.png,phase4/outputs/phase4c_real_landmark_sanity/cases/face_003/igs_1p50/add_headphones/existence_probe/seed_00/candidates/cand_014_g02_m02/flow.png,phase4/outputs/phase4c_real_landmark_sanity/cases/face_003/igs_1p50/add_headphones/existence_probe/seed_00/candidates/cand_014_g02_m02/landmarks_overlay_original.jpg,phase4/outputs/phase4c_real_landmark_sanity/cases/face_003/igs_1p50/add_headphones/existence_probe/seed_00/candidates/cand_014_g02_m02/landmarks_overlay_perturbed.jpg,phase4/outputs/phase4c_real_landmark_sanity/cases/face_003/igs_1p50/add_headphones/existence_probe/seed_00/candidates/cand_014_g02_m02/original.png,phase4/outputs/phase4c_real_landmark_sanity/cases/face_003/igs_1p50/add_headphones/existence_probe/seed_00/candidates/cand_014_g02_m02/perturbed.png,phase4/outputs/phase4c_real_landmark_sanity/cases/face_003/igs_1p50/add_headphones/existence_probe/seed_00/candidates/cand_014_g02_m02/perturbed_edit.png,phase4/outputs/phase4c_real_landmark_sanity/cases/face_003/igs_1p50/add_headphones/existence_probe/seed_00/candidates/cand_014_g02_m02/regions_overlay_original.jpg,0.04611682891845703,0.04611682891845703,phase4c_real_landmark_sanity,0.1663708133492458,0.3069557036943412,"8.0*max(0,semantic_drop)+0.5*output_disruption-3.0*input_damage_penalty-0.75*geometry_excess_penalty",existence_probe,0.1663708133492458,"8.0*max(0,semantic_drop)+0.5*output_disruption-3.0*input_damage_penalty-0.75*geometry_excess_penalty",add headphones,add_headphones,headphones,4,True,0.026048898696899414,0.02464088797569275,0.001408010721206665,44101,0.0016116201877593994,8.0,0.78,"['scale_logit', 'action_face_side_push_left', 'action_face_side_push_right', 'action_head_top_raise', 'action_head_top_lower', 'action_jaw_expand', 'action_jaw_compress', 'action_asymmetry_twist']","[-1.243647813796997, 0.9506250619888306, -0.05903690680861473, -0.2880581021308899, 1.0681157112121582, 1.3830561637878418, 0.08861257880926132, -1.4054327011108398]",0.0015501230955123901,-0.005897253751754761,0.007447376847267151
phase4/outputs/phase4c_real_landmark_sanity/cases/face_003/igs_1p50/add_headphones/existence_probe/seed_00/candidates/cand_020_g02_m08,existence_probe,14.0,phase4/outputs/phase4c_real_landmark_sanity/cases/face_003/igs_1p50/add_headphones/existence_probe/seed_00/candidates/cand_020_g02_m08,20,cand_020_g02_m08,face_003__add_headphones__igs_1p50,0.04772844910621643,0.04772844910621643,True,0.003157585859298706,,True,,metric_only_candidate,"['semantic_drop_small:0.0032', 'semantic_drop_small:0.0032', 'semantic_drop_small:0.0032']",0.003157585859298706,4.464269304648042,face_003,0.1496886820011566,0.003157585859298706,2,0.0,0.75,landmark_piecewise_affine,7.5,False,1.5,False,0.0,3.0,0.021588230941726474,0.4901961088180542,0.010578379034996033,0.6249632401899857,33.31565889368087,0.9174919128417969,478,mediapipe_python_solutions_face_mesh,0.018402695655822754,0.018414944410324097,-1.2248754501342773e-05,3.9954071044921875,14.0,0.01312464972337087,0.002209256092707316,0.7916952967643738,8,-0.0036533772945404053,-1.2248754501342773e-05,0.24885599025353392,0.5,0.03360691221620788,0.6627451181411743,0.0168191809207201,29.47142776850146,0.8855716586112976,2.2898685932159424,phase4/outputs/phase4c_real_landmark_sanity/cases/face_003/igs_1p50/add_headphones/existence_probe/seed_00/candidates/cand_020_g02_m08/clean_edit.png,phase4/outputs/phase4c_real_landmark_sanity/cases/face_003/igs_1p50/add_headphones/existence_probe/seed_00/candidates/cand_020_g02_m08/flow.png,phase4/outputs/phase4c_real_landmark_sanity/cases/face_003/igs_1p50/add_headphones/existence_probe/seed_00/candidates/cand_020_g02_m08/landmarks_overlay_original.jpg,phase4/outputs/phase4c_real_landmark_sanity/cases/face_003/igs_1p50/add_headphones/existence_probe/seed_00/candidates/cand_020_g02_m08/landmarks_overlay_perturbed.jpg,phase4/outputs/phase4c_real_landmark_sanity/cases/face_003/igs_1p50/add_headphones/existence_probe/seed_00/candidates/cand_020_g02_m08/original.png,phase4/outputs/phase4c_real_landmark_sanity/cases/face_003/igs_1p50/add_headphones/existence_probe/seed_00/candidates/cand_020_g02_m08/perturbed.png,phase4/outputs/phase4c_real_landmark_sanity/cases/face_003/igs_1p50/add_headphones/existence_probe/seed_00/candidates/cand_020_g02_m08/perturbed_edit.png,phase4/outputs/phase4c_real_landmark_sanity/cases/face_003/igs_1p50/add_headphones/existence_probe/seed_00/candidates/cand_020_g02_m08/regions_overlay_original.jpg,0.044570863246917725,0.044570863246917725,phase4c_real_landmark_sanity,0.1496886820011566,0.24885599025353392,"8.0*max(0,semantic_drop)+0.5*output_disruption-3.0*input_damage_penalty-0.75*geometry_excess_penalty",existence_probe,0.1496886820011566,"8.0*max(0,semantic_drop)+0.5*output_disruption-3.0*input_damage_penalty-0.75*geometry_excess_penalty",add headphones,add_headphones,headphones,5,True,0.026048898696899414,0.02461238205432892,0.0014365166425704956,44101,0.003157585859298706,8.0,0.78,"['scale_logit', 'action_face_side_push_left', 'action_face_side_push_right', 'action_head_top_raise', 'action_head_top_lower', 'action_jaw_expand', 'action_jaw_compress', 'action_asymmetry_twist']","[-1.5076879262924194, 0.045364029705524445, -0.6464941501617432, -2.407219409942627, 0.8439735174179077, -0.22483809292316437, 0.1117987334728241, -1.496232032775879]",0.0015501230955123901,-0.0036533772945404053,0.005203500390052795
phase4/outputs/phase4c_real_landmark_sanity/cases/face_003/igs_1p50/add_headphones/existence_probe/seed_00/candidates/cand_015_g02_m03,existence_probe,14.0,phase4/outputs/phase4c_real_landmark_sanity/cases/face_003/igs_1p50/add_headphones/existence_probe/seed_00/candidates/cand_015_g02_m03,15,cand_015_g02_m03,face_003__add_headphones__igs_1p50,0.04772844910621643,0.04772844910621643,True,0.003953069448471069,,True,,metric_only_candidate,"['semantic_drop_small:0.0040', 'semantic_drop_small:0.0040', 'semantic_drop_small:0.0040']",0.003953069448471069,5.3852293230593204,face_003,0.12702541716847968,0.003953069448471069,2,0.0,0.75,landmark_piecewise_affine,7.5,False,1.5,False,0.0,3.0,0.014341676908555211,0.345098078250885,0.006850613746792078,0.7783457691019231,36.868001311504244,0.9512360692024231,478,mediapipe_python_solutions_face_mesh,0.018402695655822754,0.016550838947296143,0.0018518567085266113,2.543522357940674,14.0,0.011716301242510477,0.0036176045735677085,0.46484583616256714,3,-0.00408308207988739,0.0018518567085266113,0.19080172316142224,0.5,0.027031328121593354,0.7568627595901489,0.013084318488836288,31.362652314505482,0.9173235893249512,1.413102149963379,phase4/outputs/phase4c_real_landmark_sanity/cases/face_003/igs_1p50/add_headphones/existence_probe/seed_00/candidates/cand_015_g02_m03/clean_edit.png,phase4/outputs/phase4c_real_landmark_sanity/cases/face_003/igs_1p50/add_headphones/existence_probe/seed_00/candidates/cand_015_g02_m03/flow.png,phase4/outputs/phase4c_real_landmark_sanity/cases/face_003/igs_1p50/add_headphones/existence_probe/seed_00/candidates/cand_015_g02_m03/landmarks_overlay_original.jpg,phase4/outputs/phase4c_real_landmark_sanity/cases/face_003/igs_1p50/add_headphones/existence_probe/seed_00/candidates/cand_015_g02_m03/landmarks_overlay_perturbed.jpg,phase4/outputs/phase4c_real_landmark_sanity/cases/face_003/igs_1p50/add_headphones/existence_probe/seed_00/candidates/cand_015_g02_m03/original.png,phase4/outputs/phase4c_real_landmark_sanity/cases/face_003/igs_1p50/add_headphones/existence_probe/seed_00/candidates/cand_015_g02_m03/perturbed.png,phase4/outputs/phase4c_real_landmark_sanity/cases/face_003/igs_1p50/add_headphones/existence_probe/seed_00/candidates/cand_015_g02_m03/perturbed_edit.png,phase4/outputs/phase4c_real_landmark_sanity/cases/face_003/igs_1p50/add_headphones/existence_probe/seed_00/candidates/cand_015_g02_m03/regions_overlay_original.jpg,0.04377537965774536,0.04377537965774536,phase4c_real_landmark_sanity,0.12702541716847968,0.19080172316142224,"8.0*max(0,semantic_drop)+0.5*output_disruption-3.0*input_damage_penalty-0.75*geometry_excess_penalty",existence_probe,0.12702541716847968,"8.0*max(0,semantic_drop)+0.5*output_disruption-3.0*input_damage_penalty-0.75*geometry_excess_penalty",add headphones,add_headphones,headphones,6,True,0.026048898696899414,0.02268114686012268,0.0033677518367767334,44101,0.003953069448471069,8.0,0.78,"['scale_logit', 'action_face_side_push_left', 'action_face_side_push_right', 'action_head_top_raise', 'action_head_top_lower', 'action_jaw_expand', 'action_jaw_compress', 'action_asymmetry_twist']","[-1.1723816394805908, 0.016682755202054977, 0.8169326186180115, 0.024923240765929222, 0.17522947490215302, 0.3208138644695282, 0.15056480467319489, -0.777665913105011]",0.0015501230955123901,-0.00408308207988739,0.00563320517539978
phase4/outputs/phase4c_real_landmark_sanity/cases/face_003/igs_1p50/add_headphones/existence_probe/seed_00/candidates/cand_000_initial,existence_probe,14.0,phase4/outputs/phase4c_real_landmark_sanity/cases/face_003/igs_1p50/add_headphones/existence_probe/seed_00/candidates/cand_000_initial,0,cand_000_initial,face_003__add_headphones__igs_1p50,0.04772844910621643,0.04772844910621643,True,0.0,,True,,metric_only_candidate,"['semantic_drop_nonpositive:0.0000', 'semantic_drop_nonpositive:0.0000', 'semantic_drop_nonpositive:0.0000']",0.0,4.764960212633014,face_003,0.0,0.0,0,0.0,0.75,landmark_semantic_tps,7.5,False,1.5,True,0.0,3.0,0.0,0.0,0.0,1.0,100.0,1.0,478,mediapipe_python_solutions_face_mesh,0.018402695655822754,0.018402695655822754,0.0,0.0,14.0,0.015333905816078186,0.0,0.0,0,0.0015501230955123901,0.0,0.0,0.5,0.0,0.0,0.0,100.0,1.0,0.0,phase4/outputs/phase4c_real_landmark_sanity/cases/face_003/igs_1p50/add_headphones/existence_probe/seed_00/candidates/cand_000_initial/clean_edit.png,phase4/outputs/phase4c_real_landmark_sanity/cases/face_003/igs_1p50/add_headphones/existence_probe/seed_00/candidates/cand_000_initial/flow.png,phase4/outputs/phase4c_real_landmark_sanity/cases/face_003/igs_1p50/add_headphones/existence_probe/seed_00/candidates/cand_000_initial/landmarks_overlay_original.jpg,phase4/outputs/phase4c_real_landmark_sanity/cases/face_003/igs_1p50/add_headphones/existence_probe/seed_00/candidates/cand_000_initial/landmarks_overlay_perturbed.jpg,phase4/outputs/phase4c_real_landmark_sanity/cases/face_003/igs_1p50/add_headphones/existence_probe/seed_00/candidates/cand_000_initial/original.png,phase4/outputs/phase4c_real_landmark_sanity/cases/face_003/igs_1p50/add_headphones/existence_probe/seed_00/candidates/cand_000_initial/perturbed.png,phase4/outputs/phase4c_real_landmark_sanity/cases/face_003/igs_1p50/add_headphones/existence_probe/seed_00/candidates/cand_000_initial/perturbed_edit.png,phase4/outputs/phase4c_real_landmark_sanity/cases/face_003/igs_1p50/add_headphones/existence_probe/seed_00/candidates/cand_000_initial/regions_overlay_original.jpg,0.04772844910621643,0.04772844910621643,phase4c_real_landmark_sanity,0.0,0.0,"8.0*max(0,semantic_drop)+0.5*output_disruption-3.0*input_damage_penalty-0.75*geometry_excess_penalty",existence_probe,0.0,"8.0*max(0,semantic_drop)+0.5*output_disruption-3.0*input_damage_penalty-0.75*geometry_excess_penalty",add headphones,add_headphones,headphones,7,True,0.026048898696899414,0.026048898696899414,0.0,44101,0.0,8.0,0.78,"['scale_logit', 'action_face_side_push_left', 'action_face_side_push_right', 'action_head_top_raise', 'action_head_top_lower', 'action_jaw_expand', 'action_jaw_compress', 'action_asymmetry_twist']","[0.0, 0.0, 0.0, 0.0, 0.0, 0.0, 0.0, 0.0]",0.0015501230955123901,0.0015501230955123901,0.0
phase4/outputs/phase4c_real_landmark_sanity/cases/face_003/igs_1p50/add_headphones/existence_probe/seed_00/candidates/cand_019_g02_m07,existence_probe,14.0,phase4/outputs/phase4c_real_landmark_sanity/cases/face_003/igs_1p50/add_headphones/existence_probe/seed_00/candidates/cand_019_g02_m07,19,cand_019_g02_m07,face_003__add_headphones__igs_1p50,0.04772844910621643,0.04772844910621643,True,0.0006782561540603638,,True,,reject_input_damage,"['input_ssim_below_target:0.7563<0.7800', 'semantic_drop_small:0.0007']",0.0006782561540603638,4.148061655461788,face_003,-0.27726725151158205,0.0006782561540603638,2,0.0,0.75,landmark_piecewise_affine,7.5,False,1.5,False,0.18926786422729514,3.0,0.04892194555859882,0.572549045085907,0.02675127424299717,0.0,26.209925599942228,0.7563415169715881,478,mediapipe_python_solutions_face_mesh,0.018402695655822754,0.017098605632781982,0.0013040900230407715,8.084077835083008,14.0,0.01108833650747935,0.004245569308598836,2.635810136795044,7,-0.008672922849655151,0.0012095719575881958,0.5702205838756409,0.5,0.06946404134225466,0.9137254953384399,0.036156196147203445,23.16479907020745,0.7076355814933777,5.942411422729492,phase4/outputs/phase4c_real_landmark_sanity/cases/face_003/igs_1p50/add_headphones/existence_probe/seed_00/candidates/cand_019_g02_m07/clean_edit.png,phase4/outputs/phase4c_real_landmark_sanity/cases/face_003/igs_1p50/add_headphones/existence_probe/seed_00/candidates/cand_019_g02_m07/flow.png,phase4/outputs/phase4c_real_landmark_sanity/cases/face_003/igs_1p50/add_headphones/existence_probe/seed_00/candidates/cand_019_g02_m07/landmarks_overlay_original.jpg,phase4/outputs/phase4c_real_landmark_sanity/cases/face_003/igs_1p50/add_headphones/existence_probe/seed_00/candidates/cand_019_g02_m07/landmarks_overlay_perturbed.jpg,phase4/outputs/phase4c_real_landmark_sanity/cases/face_003/igs_1p50/add_headphones/existence_probe/seed_00/candidates/cand_019_g02_m07/original.png,phase4/outputs/phase4c_real_landmark_sanity/cases/face_003/igs_1p50/add_headphones/existence_probe/seed_00/candidates/cand_019_g02_m07/perturbed.png,phase4/outputs/phase4c_real_landmark_sanity/cases/face_003/igs_1p50/add_headphones/existence_probe/seed_00/candidates/cand_019_g02_m07/perturbed_edit.png,phase4/outputs/phase4c_real_landmark_sanity/cases/face_003/igs_1p50/add_headphones/existence_probe/seed_00/candidates/cand_019_g02_m07/regions_overlay_original.jpg,0.04705019295215607,0.04705019295215607,phase4c_real_landmark_sanity,-0.27726725151158205,0.5702205838756409,"8.0*max(0,semantic_drop)+0.5*output_disruption-3.0*input_damage_penalty-0.75*geometry_excess_penalty",existence_probe,-0.27726725151158205,"8.0*max(0,semantic_drop)+0.5*output_disruption-3.0*input_damage_penalty-0.75*geometry_excess_penalty",add headphones,add_headphones,headphones,8,True,0.026048898696899414,0.024839326739311218,0.0012095719575881958,44101,0.0006782561540603638,8.0,0.78,"['scale_logit', 'action_face_side_push_left', 'action_face_side_push_right', 'action_head_top_raise', 'action_head_top_lower', 'action_jaw_expand', 'action_jaw_compress', 'action_asymmetry_twist']","[0.17779652774333954, -1.0700408220291138, -0.9428368806838989, -0.45723047852516174, -1.2416141033172607, 1.7475273609161377, -0.08392173796892166, -1.2820547819137573]",0.0015501230955123901,-0.008672922849655151,0.010223045945167542
phase4/outputs/phase4c_real_landmark_sanity/cases/face_003/igs_1p50/add_headphones/existence_probe/seed_00/candidates/cand_008_g01_m08,existence_probe,14.0,phase4/outputs/phase4c_real_landmark_sanity/cases/face_003/igs_1p50/add_headphones/existence_probe/seed_00/candidates/cand_008_g01_m08,8,cand_008_g01_m08,face_003__add_headphones__igs_1p50,0.04772844910621643,0.04772844910621643,True,0.000327378511428833,,True,,reject_input_damage,"['input_ssim_below_target:0.7290<0.7800', 'semantic_drop_small:0.0003']",0.000327378511428833,7.162696840241551,face_003,-0.9037686006194973,0.000327378511428833,1,0.0,0.75,landmark_semantic_tps,7.5,False,1.5,False,0.40832733154296896,3.0,0.06702481759715098,0.7137255072593689,0.033555760979652405,0.0,23.47528718484529,0.7289590835571289,478,mediapipe_python_solutions_face_mesh,0.018402695655822754,0.015032738447189331,0.003369957208633423,13.986001968383789,14.0,0.008188610275586447,0.00714529554049174,4.483713626861572,8,-0.012146666646003723,0.003369957208633423,0.6371887318359579,0.5,0.07981136421528373,0.8470588326454163,0.041686683893203735,21.95870531468989,0.682056725025177,13.986000061035156,phase4/outputs/phase4c_real_landmark_sanity/cases/face_003/igs_1p50/add_headphones/existence_probe/seed_00/candidates/cand_008_g01_m08/clean_edit.png,phase4/outputs/phase4c_real_landmark_sanity/cases/face_003/igs_1p50/add_headphones/existence_probe/seed_00/candidates/cand_008_g01_m08/flow.png,phase4/outputs/phase4c_real_landmark_sanity/cases/face_003/igs_1p50/add_headphones/existence_probe/seed_00/candidates/cand_008_g01_m08/landmarks_overlay_original.jpg,phase4/outputs/phase4c_real_landmark_sanity/cases/face_003/igs_1p50/add_headphones/existence_probe/seed_00/candidates/cand_008_g01_m08/landmarks_overlay_perturbed.jpg,phase4/outputs/phase4c_real_landmark_sanity/cases/face_003/igs_1p50/add_headphones/existence_probe/seed_00/candidates/cand_008_g01_m08/original.png,phase4/outputs/phase4c_real_landmark_sanity/cases/face_003/igs_1p50/add_headphones/existence_probe/seed_00/candidates/cand_008_g01_m08/perturbed.png,phase4/outputs/phase4c_real_landmark_sanity/cases/face_003/igs_1p50/add_headphones/existence_probe/seed_00/candidates/cand_008_g01_m08/perturbed_edit.png,phase4/outputs/phase4c_real_landmark_sanity/cases/face_003/igs_1p50/add_headphones/existence_probe/seed_00/candidates/cand_008_g01_m08/regions_overlay_original.jpg,0.0474010705947876,0.0474010705947876,phase4c_real_landmark_sanity,-0.9037686006194973,0.6371887318359579,"8.0*max(0,semantic_drop)+0.5*output_disruption-3.0*input_damage_penalty-0.75*geometry_excess_penalty",existence_probe,-0.9037686006194973,"8.0*max(0,semantic_drop)+0.5*output_disruption-3.0*input_damage_penalty-0.75*geometry_excess_penalty",add headphones,add_headphones,headphones,9,True,0.026048898696899414,0.02167975902557373,0.004369139671325684,44101,0.000327378511428833,8.0,0.78,"['scale_logit', 'action_face_side_push_left', 'action_face_side_push_right', 'action_head_top_raise', 'action_head_top_lower', 'action_jaw_expand', 'action_jaw_compress', 'action_asymmetry_twist']","[-2.0526204109191895, 0.12977662682533264, -0.08809997141361237, -0.7178663015365601, -1.136876106262207, 1.0584172010421753, 1.509482741355896, -1.2918370962142944]",0.0015501230955123901,-0.012146666646003723,0.013696789741516113
phase4/outputs/phase4c_real_landmark_sanity/cases/face_003/igs_1p50/add_headphones/existence_probe/seed_00/candidates/cand_016_g02_m04,existence_probe,14.0,phase4/outputs/phase4c_real_landmark_sanity/cases/face_003/igs_1p50/add_headphones/existence_probe/seed_00/candidates/cand_016_g02_m04,16,cand_016_g02_m04,face_003__add_headphones__igs_1p50,0.04772844910621643,0.04772844910621643,True,0.004654109477996826,,True,,reject_input_damage,"['input_ssim_below_target:0.7188<0.7800', 'semantic_drop_small:0.0047']",0.004654109477996826,8.180461280047894,face_003,-1.1001631911817014,0.004654109477996826,2,0.0,0.75,landmark_semantic_tps,7.5,False,1.5,False,0.489785900115967,3.0,0.06938586989187791,0.729411780834198,0.03503581881523132,0.0,23.174579251649735,0.7187767624855042,478,mediapipe_python_solutions_face_mesh,0.018402695655822754,0.01698198914527893,0.0014207065105438232,13.986001968383789,14.0,0.008639718095461527,0.006694187720616658,4.648686408996582,4,-0.01327216625213623,0.0014207065105438232,0.6639232666844503,0.5,0.08308608908341268,0.843137264251709,0.04397772252559662,21.609433661510494,0.6684210896492004,13.986000061035156,phase4/outputs/phase4c_real_landmark_sanity/cases/face_003/igs_1p50/add_headphones/existence_probe/seed_00/candidates/cand_016_g02_m04/clean_edit.png,phase4/outputs/phase4c_real_landmark_sanity/cases/face_003/igs_1p50/add_headphones/existence_probe/seed_00/candidates/cand_016_g02_m04/flow.png,phase4/outputs/phase4c_real_landmark_sanity/cases/face_003/igs_1p50/add_headphones/existence_probe/seed_00/candidates/cand_016_g02_m04/landmarks_overlay_original.jpg,phase4/outputs/phase4c_real_landmark_sanity/cases/face_003/igs_1p50/add_headphones/existence_probe/seed_00/candidates/cand_016_g02_m04/landmarks_overlay_perturbed.jpg,phase4/outputs/phase4c_real_landmark_sanity/cases/face_003/igs_1p50/add_headphones/existence_probe/seed_00/candidates/cand_016_g02_m04/original.png,phase4/outputs/phase4c_real_landmark_sanity/cases/face_003/igs_1p50/add_headphones/existence_probe/seed_00/candidates/cand_016_g02_m04/perturbed.png,phase4/outputs/phase4c_real_landmark_sanity/cases/face_003/igs_1p50/add_headphones/existence_probe/seed_00/candidates/cand_016_g02_m04/perturbed_edit.png,phase4/outputs/phase4c_real_landmark_sanity/cases/face_003/igs_1p50/add_headphones/existence_probe/seed_00/candidates/cand_016_g02_m04/regions_overlay_original.jpg,0.043074339628219604,0.043074339628219604,phase4c_real_landmark_sanity,-1.1001631911817014,0.6639232666844503,"8.0*max(0,semantic_drop)+0.5*output_disruption-3.0*input_damage_penalty-0.75*geometry_excess_penalty",existence_probe,-1.1001631911817014,"8.0*max(0,semantic_drop)+0.5*output_disruption-3.0*input_damage_penalty-0.75*geometry_excess_penalty",add headphones,add_headphones,headphones,10,True,0.026048898696899414,0.022209331393241882,0.0038395673036575317,44101,0.004654109477996826,8.0,0.78,"['scale_logit', 'action_face_side_push_left', 'action_face_side_push_right', 'action_head_top_raise', 'action_head_top_lower', 'action_jaw_expand', 'action_jaw_compress', 'action_asymmetry_twist']","[-1.8634427785873413, -0.19482630491256714, -0.018393725156784058, 0.1495371013879776, -0.18520385026931763, 0.9343187808990479, 0.23968425393104553, -1.3046035766601562]",0.0015501230955123901,-0.01327216625213623,0.01482228934764862
phase4/outputs/phase4c_real_landmark_sanity/cases/face_003/igs_1p50/add_headphones/existence_probe/seed_00/candidates/cand_005_g01_m05,existence_probe,14.0,phase4/outputs/phase4c_real_landmark_sanity/cases/face_003/igs_1p50/add_headphones/existence_probe/seed_00/candidates/cand_005_g01_m05,5,cand_005_g01_m05,face_003__add_headphones__igs_1p50,0.04772844910621643,0.04772844910621643,True,0.0008615255355834961,,True,,reject_input_damage,"['input_ssim_below_target:0.7050<0.7800', 'semantic_drop_small:0.0009']",0.0008615255355834961,5.978687487542629,face_003,-1.4401281343998291,0.0008615255355834961,1,0.0,0.75,landmark_semantic_tps,7.5,False,1.5,False,0.5999476814270022,3.0,0.0736769835894448,0.7529411911964417,0.03759609907865524,0.0,22.653363258090458,0.7050065398216248,478,mediapipe_python_solutions_face_mesh,0.018402695655822754,0.01625247299671173,0.002150222659111023,13.986001968383789,14.0,0.008403941988945007,0.006929963827133179,5.0948076248168945,5,-0.009057208895683289,0.002150222659111023,0.7056454111930188,0.5,0.0897431743591144,0.8901960849761963,0.04706195369362831,20.93997145686457,0.6533272862434387,13.986000061035156,phase4/outputs/phase4c_real_landmark_sanity/cases/face_003/igs_1p50/add_headphones/existence_probe/seed_00/candidates/cand_005_g01_m05/clean_edit.png,phase4/outputs/phase4c_real_landmark_sanity/cases/face_003/igs_1p50/add_headphones/existence_probe/seed_00/candidates/cand_005_g01_m05/flow.png,phase4/outputs/phase4c_real_landmark_sanity/cases/face_003/igs_1p50/add_headphones/existence_probe/seed_00/candidates/cand_005_g01_m05/landmarks_overlay_original.jpg,phase4/outputs/phase4c_real_landmark_sanity/cases/face_003/igs_1p50/add_headphones/existence_probe/seed_00/candidates/cand_005_g01_m05/landmarks_overlay_perturbed.jpg,phase4/outputs/phase4c_real_landmark_sanity/cases/face_003/igs_1p50/add_headphones/existence_probe/seed_00/candidates/cand_005_g01_m05/original.png,phase4/outputs/phase4c_real_landmark_sanity/cases/face_003/igs_1p50/add_headphones/existence_probe/seed_00/candidates/cand_005_g01_m05/perturbed.png,phase4/outputs/phase4c_real_landmark_sanity/cases/face_003/igs_1p50/add_headphones/existence_probe/seed_00/candidates/cand_005_g01_m05/perturbed_edit.png,phase4/outputs/phase4c_real_landmark_sanity/cases/face_003/igs_1p50/add_headphones/existence_probe/seed_00/candidates/cand_005_g01_m05/regions_overlay_original.jpg,0.046866923570632935,0.046866923570632935,phase4c_real_landmark_sanity,-1.4401281343998291,0.7056454111930188,"8.0*max(0,semantic_drop)+0.5*output_disruption-3.0*input_damage_penalty-0.75*geometry_excess_penalty",existence_probe,-1.4401281343998291,"8.0*max(0,semantic_drop)+0.5*output_disruption-3.0*input_damage_penalty-0.75*geometry_excess_penalty",add headphones,add_headphones,headphones,11,True,0.026048898696899414,0.01801656186580658,0.008032336831092834,44101,0.0008615255355834961,8.0,0.78,"['scale_logit', 'action_face_side_push_left', 'action_face_side_push_right', 'action_head_top_raise', 'action_head_top_lower', 'action_jaw_expand', 'action_jaw_compress', 'action_asymmetry_twist']","[-0.9646288752555847, -0.6323299407958984, 1.211772084236145, 0.7755464315414429, -1.4354071617126465, 0.26605919003486633, 0.042138103395700455, 0.8683462142944336]",0.0015501230955123901,-0.009057208895683289,0.010607331991195679
phase4/outputs/phase4c_real_landmark_sanity/cases/face_003/igs_1p50/add_headphones/existence_probe/seed_00/candidates/cand_021_g02_m09,existence_probe,14.0,phase4/outputs/phase4c_real_landmark_sanity/cases/face_003/igs_1p50/add_headphones/existence_probe/seed_00/candidates/cand_021_g02_m09,21,cand_021_g02_m09,face_003__add_headphones__igs_1p50,0.04772844910621643,0.04772844910621643,True,0.0016744434833526611,,True,,reject_input_damage,"['input_ssim_below_target:0.6896<0.7800', 'semantic_drop_small:0.0017']",0.0016744434833526611,4.015760395675898,face_003,-1.8123257761849718,0.0016744434833526611,2,0.0,0.75,landmark_piecewise_affine,7.5,False,1.5,False,0.7228376770019533,3.0,0.0640109492987988,0.6196078658103943,0.03521003946661949,0.0,23.874914641157492,0.6896452903747559,478,mediapipe_python_solutions_face_mesh,0.018402695655822754,0.017000585794448853,0.0014021098613739014,11.617958068847656,14.0,0.012660607695579529,0.0026732981204986572,3.895382881164551,9,-0.0003313422203063965,0.0014021098613739014,0.6855834139081339,0.5,0.08141827614835154,0.8980392217636108,0.04431596398353577,21.78556194165857,0.6400896906852722,8.140649795532227,phase4/outputs/phase4c_real_landmark_sanity/cases/face_003/igs_1p50/add_headphones/existence_probe/seed_00/candidates/cand_021_g02_m09/clean_edit.png,phase4/outputs/phase4c_real_landmark_sanity/cases/face_003/igs_1p50/add_headphones/existence_probe/seed_00/candidates/cand_021_g02_m09/flow.png,phase4/outputs/phase4c_real_landmark_sanity/cases/face_003/igs_1p50/add_headphones/existence_probe/seed_00/candidates/cand_021_g02_m09/landmarks_overlay_original.jpg,phase4/outputs/phase4c_real_landmark_sanity/cases/face_003/igs_1p50/add_headphones/existence_probe/seed_00/candidates/cand_021_g02_m09/landmarks_overlay_perturbed.jpg,phase4/outputs/phase4c_real_landmark_sanity/cases/face_003/igs_1p50/add_headphones/existence_probe/seed_00/candidates/cand_021_g02_m09/original.png,phase4/outputs/phase4c_real_landmark_sanity/cases/face_003/igs_1p50/add_headphones/existence_probe/seed_00/candidates/cand_021_g02_m09/perturbed.png,phase4/outputs/phase4c_real_landmark_sanity/cases/face_003/igs_1p50/add_headphones/existence_probe/seed_00/candidates/cand_021_g02_m09/perturbed_edit.png,phase4/outputs/phase4c_real_landmark_sanity/cases/face_003/igs_1p50/add_headphones/existence_probe/seed_00/candidates/cand_021_g02_m09/regions_overlay_original.jpg,0.04605400562286377,0.04605400562286377,phase4c_real_landmark_sanity,-1.8123257761849718,0.6855834139081339,"8.0*max(0,semantic_drop)+0.5*output_disruption-3.0*input_damage_penalty-0.75*geometry_excess_penalty",existence_probe,-1.8123257761849718,"8.0*max(0,semantic_drop)+0.5*output_disruption-3.0*input_damage_penalty-0.75*geometry_excess_penalty",add headphones,add_headphones,headphones,12,True,0.026048898696899414,0.02131257951259613,0.004736319184303284,44101,0.0016744434833526611,8.0,0.78,"['scale_logit', 'action_face_side_push_left', 'action_face_side_push_right', 'action_head_top_raise', 'action_head_top_lower', 'action_jaw_expand', 'action_jaw_compress', 'action_asymmetry_twist']","[0.5719845294952393, 0.39695653319358826, -0.3107619881629944, 0.7949386239051819, -0.3508012294769287, -1.2727125883102417, 0.5120817422866821, -1.2175300121307373]",0.0015501230955123901,-0.0003313422203063965,0.0018814653158187866
phase4/outputs/phase4c_real_landmark_sanity/cases/face_003/igs_1p50/add_headphones/existence_probe/seed_00/candidates/cand_017_g02_m05,existence_probe,14.0,phase4/outputs/phase4c_real_landmark_sanity/cases/face_003/igs_1p50/add_headphones/existence_probe/seed_00/candidates/cand_017_g02_m05,17,cand_017_g02_m05,face_003__add_headphones__igs_1p50,0.04772844910621643,0.04772844910621643,True,0.007030129432678223,,True,,reject_input_damage,"['input_ssim_below_target:0.6864<0.7800', 'semantic_drop_small:0.0070']",0.007030129432678223,11.302736895158887,face_003,-1.831803682529321,0.007030129432678223,2,0.0,0.75,landmark_semantic_tps,7.5,False,1.5,False,0.7491271400451662,3.0,0.07230495980416024,0.7254902124404907,0.03824298083782196,0.0,22.816638219614667,0.6863591074943542,478,mediapipe_python_solutions_face_mesh,0.018402695655822754,0.016142606735229492,0.0022600889205932617,13.986001968383789,14.0,0.008427570263544718,0.006906335552533467,5.027543067932129,5,-0.012673899531364441,0.0022600889205932617,0.7186734042895042,0.5,0.08806306030184534,0.8588235378265381,0.04738914594054222,21.104124526721172,0.6335788369178772,13.986000061035156,phase4/outputs/phase4c_real_landmark_sanity/cases/face_003/igs_1p50/add_headphones/existence_probe/seed_00/candidates/cand_017_g02_m05/clean_edit.png,phase4/outputs/phase4c_real_landmark_sanity/cases/face_003/igs_1p50/add_headphones/existence_probe/seed_00/candidates/cand_017_g02_m05/flow.png,phase4/outputs/phase4c_real_landmark_sanity/cases/face_003/igs_1p50/add_headphones/existence_probe/seed_00/candidates/cand_017_g02_m05/landmarks_overlay_original.jpg,phase4/outputs/phase4c_real_landmark_sanity/cases/face_003/igs_1p50/add_headphones/existence_probe/seed_00/candidates/cand_017_g02_m05/landmarks_overlay_perturbed.jpg,phase4/outputs/phase4c_real_landmark_sanity/cases/face_003/igs_1p50/add_headphones/existence_probe/seed_00/candidates/cand_017_g02_m05/original.png,phase4/outputs/phase4c_real_landmark_sanity/cases/face_003/igs_1p50/add_headphones/existence_probe/seed_00/candidates/cand_017_g02_m05/perturbed.png,phase4/outputs/phase4c_real_landmark_sanity/cases/face_003/igs_1p50/add_headphones/existence_probe/seed_00/candidates/cand_017_g02_m05/perturbed_edit.png,phase4/outputs/phase4c_real_landmark_sanity/cases/face_003/igs_1p50/add_headphones/existence_probe/seed_00/candidates/cand_017_g02_m05/regions_overlay_original.jpg,0.04069831967353821,0.04069831967353821,phase4c_real_landmark_sanity,-1.831803682529321,0.7186734042895042,"8.0*max(0,semantic_drop)+0.5*output_disruption-3.0*input_damage_penalty-0.75*geometry_excess_penalty",existence_probe,-1.831803682529321,"8.0*max(0,semantic_drop)+0.5*output_disruption-3.0*input_damage_penalty-0.75*geometry_excess_penalty",add headphones,add_headphones,headphones,13,True,0.026048898696899414,0.021814003586769104,0.00423489511013031,44101,0.007030129432678223,8.0,0.78,"['scale_logit', 'action_face_side_push_left', 'action_face_side_push_right', 'action_head_top_raise', 'action_head_top_lower', 'action_jaw_expand', 'action_jaw_compress', 'action_asymmetry_twist']","[-2.43013072013855, 0.03192939981818199, -0.4171624183654785, 0.2509385347366333, -0.590101957321167, 0.5401725172996521, -0.8838176727294922, -1.9750339984893799]",0.0015501230955123901,-0.012673899531364441,0.014224022626876831
phase4/outputs/phase4c_real_landmark_sanity/cases/face_003/igs_1p50/add_headphones/existence_probe/seed_00/candidates/cand_018_g02_m06,existence_probe,14.0,phase4/outputs/phase4c_real_landmark_sanity/cases/face_003/igs_1p50/add_headphones/existence_probe/seed_00/candidates/cand_018_g02_m06,18,cand_018_g02_m06,face_003__add_headphones__igs_1p50,0.04772844910621643,0.04772844910621643,True,0.0005005896091461182,,True,,reject_input_damage,"['input_ssim_below_target:0.6824<0.7800', 'semantic_drop_small:0.0005']",0.0005005896091461182,7.4845135398209095,face_003,-1.9650632266986914,0.0005005896091461182,2,0.0,0.75,landmark_semantic_tps,7.5,False,1.5,False,0.7811248207092287,3.0,0.07908604316587547,0.7333333492279053,0.04107027128338814,0.0,22.038003050870515,0.6823593974113464,478,mediapipe_python_solutions_face_mesh,0.018402695655822754,0.011733531951904297,0.006669163703918457,13.986001968383789,14.0,0.007043465971946716,0.00829043984413147,5.674868106842041,6,-0.01329582929611206,0.0033562034368515015,0.7486130371116517,0.5,0.09410343504008946,0.8274509906768799,0.05107710883021355,20.527890466262974,0.627800703048706,13.986000061035156,phase4/outputs/phase4c_real_landmark_sanity/cases/face_003/igs_1p50/add_headphones/existence_probe/seed_00/candidates/cand_018_g02_m06/clean_edit.png,phase4/outputs/phase4c_real_landmark_sanity/cases/face_003/igs_1p50/add_headphones/existence_probe/seed_00/candidates/cand_018_g02_m06/flow.png,phase4/outputs/phase4c_real_landmark_sanity/cases/face_003/igs_1p50/add_headphones/existence_probe/seed_00/candidates/cand_018_g02_m06/landmarks_overlay_original.jpg,phase4/outputs/phase4c_real_landmark_sanity/cases/face_003/igs_1p50/add_headphones/existence_probe/seed_00/candidates/cand_018_g02_m06/landmarks_overlay_perturbed.jpg,phase4/outputs/phase4c_real_landmark_sanity/cases/face_003/igs_1p50/add_headphones/existence_probe/seed_00/candidates/cand_018_g02_m06/original.png,phase4/outputs/phase4c_real_landmark_sanity/cases/face_003/igs_1p50/add_headphones/existence_probe/seed_00/candidates/cand_018_g02_m06/perturbed.png,phase4/outputs/phase4c_real_landmark_sanity/cases/face_003/igs_1p50/add_headphones/existence_probe/seed_00/candidates/cand_018_g02_m06/perturbed_edit.png,phase4/outputs/phase4c_real_landmark_sanity/cases/face_003/igs_1p50/add_headphones/existence_probe/seed_00/candidates/cand_018_g02_m06/regions_overlay_original.jpg,0.04722785949707031,0.04722785949707031,phase4c_real_landmark_sanity,-1.9650632266986914,0.7486130371116517,"8.0*max(0,semantic_drop)+0.5*output_disruption-3.0*input_damage_penalty-0.75*geometry_excess_penalty",existence_probe,-1.9650632266986914,"8.0*max(0,semantic_drop)+0.5*output_disruption-3.0*input_damage_penalty-0.75*geometry_excess_penalty",add headphones,add_headphones,headphones,14,True,0.026048898696899414,0.022692695260047913,0.0033562034368515015,44101,0.0005005896091461182,8.0,0.78,"['scale_logit', 'action_face_side_push_left', 'action_face_side_push_right', 'action_head_top_raise', 'action_head_top_lower', 'action_jaw_expand', 'action_jaw_compress', 'action_asymmetry_twist']","[-0.9388032555580139, -0.30277490615844727, -0.9298442006111145, 0.7117295861244202, 1.4160816669464111, 0.2522044777870178, 0.9783488512039185, -1.2015641927719116]",0.0015501230955123901,-0.01329582929611206,0.01484595239162445
phase4/outputs/phase4c_real_landmark_sanity/cases/face_003/igs_1p50/add_headphones/existence_probe/seed_00/candidates/cand_023_g02_m11,existence_probe,14.0,phase4/outputs/phase4c_real_landmark_sanity/cases/face_003/igs_1p50/add_headphones/existence_probe/seed_00/candidates/cand_023_g02_m11,23,cand_023_g02_m11,face_003__add_headphones__igs_1p50,0.04772844910621643,0.04772844910621643,True,0.015149861574172974,,True,,reject_input_damage,"['input_ssim_below_target:0.6412<0.7800', 'semantic_drop_small:0.0151']",0.015149861574172974,5.42264149710536,face_003,-2.791989642846029,0.015149861574172974,2,0.0,0.75,landmark_semantic_tps,7.5,False,1.5,False,1.1105620765686037,3.0,0.08517347257897219,0.7254902124404907,0.04672097787261009,0.0,21.393912918388512,0.6411797404289246,478,mediapipe_python_solutions_face_mesh,0.018402695655822754,0.01098334789276123,0.0074193477630615234,13.986001968383789,14.0,0.005210325121879578,0.010123580694198608,6.7861409187316895,11,-0.013162761926651001,0.0074193477630615234,0.8369953885327964,0.5,0.10471459365514887,0.9529411792755127,0.05762520059943199,19.599855764277123,0.5818629860877991,13.986001014709473,phase4/outputs/phase4c_real_landmark_sanity/cases/face_003/igs_1p50/add_headphones/existence_probe/seed_00/candidates/cand_023_g02_m11/clean_edit.png,phase4/outputs/phase4c_real_landmark_sanity/cases/face_003/igs_1p50/add_headphones/existence_probe/seed_00/candidates/cand_023_g02_m11/flow.png,phase4/outputs/phase4c_real_landmark_sanity/cases/face_003/igs_1p50/add_headphones/existence_probe/seed_00/candidates/cand_023_g02_m11/landmarks_overlay_original.jpg,phase4/outputs/phase4c_real_landmark_sanity/cases/face_003/igs_1p50/add_headphones/existence_probe/seed_00/candidates/cand_023_g02_m11/landmarks_overlay_perturbed.jpg,phase4/outputs/phase4c_real_landmark_sanity/cases/face_003/igs_1p50/add_headphones/existence_probe/seed_00/candidates/cand_023_g02_m11/original.png,phase4/outputs/phase4c_real_landmark_sanity/cases/face_003/igs_1p50/add_headphones/existence_probe/seed_00/candidates/cand_023_g02_m11/perturbed.png,phase4/outputs/phase4c_real_landmark_sanity/cases/face_003/igs_1p50/add_headphones/existence_probe/seed_00/candidates/cand_023_g02_m11/perturbed_edit.png,phase4/outputs/phase4c_real_landmark_sanity/cases/face_003/igs_1p50/add_headphones/existence_probe/seed_00/candidates/cand_023_g02_m11/regions_overlay_original.jpg,0.03257858753204346,0.03257858753204346,phase4c_real_landmark_sanity,-2.791989642846029,0.8369953885327964,"8.0*max(0,semantic_drop)+0.5*output_disruption-3.0*input_damage_penalty-0.75*geometry_excess_penalty",existence_probe,-2.791989642846029,"8.0*max(0,semantic_drop)+0.5*output_disruption-3.0*input_damage_penalty-0.75*geometry_excess_penalty",add headphones,add_headphones,headphones,15,True,0.026048898696899414,0.017810389399528503,0.00823850929737091,44101,0.015149861574172974,8.0,0.78,"['scale_logit', 'action_face_side_push_left', 'action_face_side_push_right', 'action_head_top_raise', 'action_head_top_lower', 'action_jaw_expand', 'action_jaw_compress', 'action_asymmetry_twist']","[-0.7155337333679199, 1.0444670915603638, -0.7703911662101746, -0.5936413407325745, 0.14174504578113556, -0.3058973252773285, 0.5286020040512085, -1.8241987228393555]",0.0015501230955123901,-0.013162761926651001,0.014712885022163391
phase4/outputs/phase4c_real_landmark_sanity/cases/face_003/igs_1p50/add_headphones/existence_probe/seed_00/candidates/cand_022_g02_m10,existence_probe,14.0,phase4/outputs/phase4c_real_landmark_sanity/cases/face_003/igs_1p50/add_headphones/existence_probe/seed_00/candidates/cand_022_g02_m10,22,cand_022_g02_m10,face_003__add_headphones__igs_1p50,0.04772844910621643,0.04772844910621643,True,0.0120774507522583,,True,,reject_input_damage,"['input_ssim_below_target:0.6357<0.7800', 'semantic_drop_small:0.0121']",0.0120774507522583,6.538814214989543,face_003,-2.94733873057476,0.0120774507522583,2,0.0,0.75,landmark_semantic_tps,7.5,False,1.5,False,1.1540820503234865,3.0,0.08507120989272665,0.7058823704719543,0.046581774950027466,0.0,21.40434781128215,0.6357397437095642,478,mediapipe_python_solutions_face_mesh,0.018402695655822754,0.012695729732513428,0.005706965923309326,13.986001968383789,14.0,0.007909690340360006,0.007424215475718181,6.622552871704102,10,-0.01121586561203003,0.0037996917963027954,0.8365756287552661,0.5,0.10360117292348907,0.9372549057006836,0.056959789246320724,19.692706553723937,0.5778290629386902,13.986001014709473,phase4/outputs/phase4c_real_landmark_sanity/cases/face_003/igs_1p50/add_headphones/existence_probe/seed_00/candidates/cand_022_g02_m10/clean_edit.png,phase4/outputs/phase4c_real_landmark_sanity/cases/face_003/igs_1p50/add_headphones/existence_probe/seed_00/candidates/cand_022_g02_m10/flow.png,phase4/outputs/phase4c_real_landmark_sanity/cases/face_003/igs_1p50/add_headphones/existence_probe/seed_00/candidates/cand_022_g02_m10/landmarks_overlay_original.jpg,phase4/outputs/phase4c_real_landmark_sanity/cases/face_003/igs_1p50/add_headphones/existence_probe/seed_00/candidates/cand_022_g02_m10/landmarks_overlay_perturbed.jpg,phase4/outputs/phase4c_real_landmark_sanity/cases/face_003/igs_1p50/add_headphones/existence_probe/seed_00/candidates/cand_022_g02_m10/original.png,phase4/outputs/phase4c_real_landmark_sanity/cases/face_003/igs_1p50/add_headphones/existence_probe/seed_00/candidates/cand_022_g02_m10/perturbed.png,phase4/outputs/phase4c_real_landmark_sanity/cases/face_003/igs_1p50/add_headphones/existence_probe/seed_00/candidates/cand_022_g02_m10/perturbed_edit.png,phase4/outputs/phase4c_real_landmark_sanity/cases/face_003/igs_1p50/add_headphones/existence_probe/seed_00/candidates/cand_022_g02_m10/regions_overlay_original.jpg,0.03565099835395813,0.03565099835395813,phase4c_real_landmark_sanity,-2.94733873057476,0.8365756287552661,"8.0*max(0,semantic_drop)+0.5*output_disruption-3.0*input_damage_penalty-0.75*geometry_excess_penalty",existence_probe,-2.94733873057476,"8.0*max(0,semantic_drop)+0.5*output_disruption-3.0*input_damage_penalty-0.75*geometry_excess_penalty",add headphones,add_headphones,headphones,16,True,0.026048898696899414,0.02224920690059662,0.0037996917963027954,44101,0.0120774507522583,8.0,0.78,"['scale_logit', 'action_face_side_push_left', 'action_face_side_push_right', 'action_head_top_raise', 'action_head_top_lower', 'action_jaw_expand', 'action_jaw_compress', 'action_asymmetry_twist']","[-0.8700523376464844, 1.0898517370224, 0.4427218735218048, 0.03400609642267227, -0.25378966331481934, 0.5595194101333618, -0.6234549880027771, -2.0429160594940186]",0.0015501230955123901,-0.01121586561203003,0.01276598870754242
phase4/outputs/phase4c_real_landmark_sanity/cases/face_003/igs_1p50/add_headphones/existence_probe/seed_00/candidates/cand_011_g01_m11,existence_probe,14.0,phase4/outputs/phase4c_real_landmark_sanity/cases/face_003/igs_1p50/add_headphones/existence_probe/seed_00/candidates/cand_011_g01_m11,11,cand_011_g01_m11,face_003__add_headphones__igs_1p50,0.04772844910621643,0.04772844910621643,True,0.005426675081253052,,True,,reject_input_damage,"['input_ssim_below_target:0.6257<0.7800', 'semantic_drop_small:0.0054']",0.005426675081253052,7.762853372842073,face_003,-3.2433753446571907,0.005426675081253052,1,0.0,0.75,landmark_semantic_tps,7.5,False,1.5,False,1.2347123527526858,3.0,0.08524352247486226,0.7450980544090271,0.046206455677747726,0.0,21.3867722491268,0.6256609559059143,478,mediapipe_python_solutions_face_mesh,0.018402695655822754,0.015954360365867615,0.002448335289955139,13.986001968383789,14.0,0.009145264824231466,0.006188640991846721,6.049149513244629,11,-0.009236931800842285,0.002448335289955139,0.834696625901684,0.5,0.10236273090874773,0.929411768913269,0.05618884041905403,19.79716272400911,0.5747542977333069,13.986000061035156,phase4/outputs/phase4c_real_landmark_sanity/cases/face_003/igs_1p50/add_headphones/existence_probe/seed_00/candidates/cand_011_g01_m11/clean_edit.png,phase4/outputs/phase4c_real_landmark_sanity/cases/face_003/igs_1p50/add_headphones/existence_probe/seed_00/candidates/cand_011_g01_m11/flow.png,phase4/outputs/phase4c_real_landmark_sanity/cases/face_003/igs_1p50/add_headphones/existence_probe/seed_00/candidates/cand_011_g01_m11/landmarks_overlay_original.jpg,phase4/outputs/phase4c_real_landmark_sanity/cases/face_003/igs_1p50/add_headphones/existence_probe/seed_00/candidates/cand_011_g01_m11/landmarks_overlay_perturbed.jpg,phase4/outputs/phase4c_real_landmark_sanity/cases/face_003/igs_1p50/add_headphones/existence_probe/seed_00/candidates/cand_011_g01_m11/original.png,phase4/outputs/phase4c_real_landmark_sanity/cases/face_003/igs_1p50/add_headphones/existence_probe/seed_00/candidates/cand_011_g01_m11/perturbed.png,phase4/outputs/phase4c_real_landmark_sanity/cases/face_003/igs_1p50/add_headphones/existence_probe/seed_00/candidates/cand_011_g01_m11/perturbed_edit.png,phase4/outputs/phase4c_real_landmark_sanity/cases/face_003/igs_1p50/add_headphones/existence_probe/seed_00/candidates/cand_011_g01_m11/regions_overlay_original.jpg,0.04230177402496338,0.04230177402496338,phase4c_real_landmark_sanity,-3.2433753446571907,0.834696625901684,"8.0*max(0,semantic_drop)+0.5*output_disruption-3.0*input_damage_penalty-0.75*geometry_excess_penalty",existence_probe,-3.2433753446571907,"8.0*max(0,semantic_drop)+0.5*output_disruption-3.0*input_damage_penalty-0.75*geometry_excess_penalty",add headphones,add_headphones,headphones,17,True,0.026048898696899414,0.020718365907669067,0.005330532789230347,44101,0.005426675081253052,8.0,0.78,"['scale_logit', 'action_face_side_push_left', 'action_face_side_push_right', 'action_head_top_raise', 'action_head_top_lower', 'action_jaw_expand', 'action_jaw_compress', 'action_asymmetry_twist']","[-0.7151524424552917, 0.13408125936985016, 0.42867690324783325, 1.3624721765518188, 0.8261501789093018, -0.9649806618690491, 0.690983772277832, 0.8577767014503479]",0.0015501230955123901,-0.009236931800842285,0.010787054896354675
phase4/outputs/phase4c_real_landmark_sanity/cases/face_003/igs_1p50/add_headphones/existence_probe/seed_00/candidates/cand_006_g01_m06,existence_probe,14.0,phase4/outputs/phase4c_real_landmark_sanity/cases/face_003/igs_1p50/add_headphones/existence_probe/seed_00/candidates/cand_006_g01_m06,6,cand_006_g01_m06,face_003__add_headphones__igs_1p50,0.04772844910621643,0.04772844910621643,True,0.010549187660217285,,True,,reject_input_damage,"['input_ssim_below_target:0.6047<0.7800', 'semantic_drop_small:0.0105']",0.010549187660217285,7.082517795264721,face_003,-3.671425472533492,0.010549187660217285,1,0.0,0.75,landmark_semantic_tps,7.5,False,1.5,False,1.402205219268799,3.0,0.08727804327829869,0.7333333492279053,0.049057554453611374,0.0,21.181899978679205,0.6047243475914001,478,mediapipe_python_solutions_face_mesh,0.018402695655822754,0.017300784587860107,0.0011019110679626465,13.986001968383789,14.0,0.006005386511484782,0.009328519304593405,6.624890327453613,6,-0.010607779026031494,0.0011019110679626465,0.9015933679823338,0.5,0.11115815756927576,0.9411764740943909,0.061647821217775345,19.081173204091236,0.5430392622947693,13.986001014709473,phase4/outputs/phase4c_real_landmark_sanity/cases/face_003/igs_1p50/add_headphones/existence_probe/seed_00/candidates/cand_006_g01_m06/clean_edit.png,phase4/outputs/phase4c_real_landmark_sanity/cases/face_003/igs_1p50/add_headphones/existence_probe/seed_00/candidates/cand_006_g01_m06/flow.png,phase4/outputs/phase4c_real_landmark_sanity/cases/face_003/igs_1p50/add_headphones/existence_probe/seed_00/candidates/cand_006_g01_m06/landmarks_overlay_original.jpg,phase4/outputs/phase4c_real_landmark_sanity/cases/face_003/igs_1p50/add_headphones/existence_probe/seed_00/candidates/cand_006_g01_m06/landmarks_overlay_perturbed.jpg,phase4/outputs/phase4c_real_landmark_sanity/cases/face_003/igs_1p50/add_headphones/existence_probe/seed_00/candidates/cand_006_g01_m06/original.png,phase4/outputs/phase4c_real_landmark_sanity/cases/face_003/igs_1p50/add_headphones/existence_probe/seed_00/candidates/cand_006_g01_m06/perturbed.png,phase4/outputs/phase4c_real_landmark_sanity/cases/face_003/igs_1p50/add_headphones/existence_probe/seed_00/candidates/cand_006_g01_m06/perturbed_edit.png,phase4/outputs/phase4c_real_landmark_sanity/cases/face_003/igs_1p50/add_headphones/existence_probe/seed_00/candidates/cand_006_g01_m06/regions_overlay_original.jpg,0.037179261445999146,0.037179261445999146,phase4c_real_landmark_sanity,-3.671425472533492,0.9015933679823338,"8.0*max(0,semantic_drop)+0.5*output_disruption-3.0*input_damage_penalty-0.75*geometry_excess_penalty",existence_probe,-3.671425472533492,"8.0*max(0,semantic_drop)+0.5*output_disruption-3.0*input_damage_penalty-0.75*geometry_excess_penalty",add headphones,add_headphones,headphones,18,True,0.026048898696899414,0.011323153972625732,0.014725744724273682,44101,0.010549187660217285,8.0,0.78,"['scale_logit', 'action_face_side_push_left', 'action_face_side_push_right', 'action_head_top_raise', 'action_head_top_lower', 'action_jaw_expand', 'action_jaw_compress', 'action_asymmetry_twist']","[0.8637363910675049, 0.9900515675544739, 1.9715323448181152, 1.102881908416748, 0.7888427376747131, -1.2344845533370972, -0.6488636136054993, -0.2513071894645691]",0.0015501230955123901,-0.010607779026031494,0.012157902121543884
phase4/outputs/phase4c_real_landmark_sanity/cases/face_003/igs_1p50/add_headphones/existence_probe/seed_00/candidates/cand_024_g02_m12,existence_probe,14.0,phase4/outputs/phase4c_real_landmark_sanity/cases/face_003/igs_1p50/add_headphones/existence_probe/seed_00/candidates/cand_024_g02_m12,24,cand_024_g02_m12,face_003__add_headphones__igs_1p50,0.04772844910621643,0.04772844910621643,True,0.010302811861038208,,True,,reject_input_damage,"['input_ssim_below_target:0.5981<0.7800', 'semantic_drop_small:0.0103']",0.010302811861038208,5.662800092250109,face_003,-3.8384355887684474,0.010302811861038208,2,0.0,0.75,landmark_semantic_tps,7.5,False,1.5,False,1.4549224281311037,3.0,0.0894830397597365,0.729411780834198,0.05052648484706879,0.0,20.965185424799017,0.5981346964836121,478,mediapipe_python_solutions_face_mesh,0.018402695655822754,0.012753695249557495,0.005649000406265259,13.986001968383789,14.0,0.006250222524007161,0.009083683292071024,7.083440780639648,12,-0.013451710343360901,0.005649000406265259,0.8878184014731165,0.5,0.10712295905186527,0.9019607901573181,0.060910578817129135,19.402348786734343,0.5406734347343445,13.986001014709473,phase4/outputs/phase4c_real_landmark_sanity/cases/face_003/igs_1p50/add_headphones/existence_probe/seed_00/candidates/cand_024_g02_m12/clean_edit.png,phase4/outputs/phase4c_real_landmark_sanity/cases/face_003/igs_1p50/add_headphones/existence_probe/seed_00/candidates/cand_024_g02_m12/flow.png,phase4/outputs/phase4c_real_landmark_sanity/cases/face_003/igs_1p50/add_headphones/existence_probe/seed_00/candidates/cand_024_g02_m12/landmarks_overlay_original.jpg,phase4/outputs/phase4c_real_landmark_sanity/cases/face_003/igs_1p50/add_headphones/existence_probe/seed_00/candidates/cand_024_g02_m12/landmarks_overlay_perturbed.jpg,phase4/outputs/phase4c_real_landmark_sanity/cases/face_003/igs_1p50/add_headphones/existence_probe/seed_00/candidates/cand_024_g02_m12/original.png,phase4/outputs/phase4c_real_landmark_sanity/cases/face_003/igs_1p50/add_headphones/existence_probe/seed_00/candidates/cand_024_g02_m12/perturbed.png,phase4/outputs/phase4c_real_landmark_sanity/cases/face_003/igs_1p50/add_headphones/existence_probe/seed_00/candidates/cand_024_g02_m12/perturbed_edit.png,phase4/outputs/phase4c_real_landmark_sanity/cases/face_003/igs_1p50/add_headphones/existence_probe/seed_00/candidates/cand_024_g02_m12/regions_overlay_original.jpg,0.03742563724517822,0.03742563724517822,phase4c_real_landmark_sanity,-3.8384355887684474,0.8878184014731165,"8.0*max(0,semantic_drop)+0.5*output_disruption-3.0*input_damage_penalty-0.75*geometry_excess_penalty",existence_probe,-3.8384355887684474,"8.0*max(0,semantic_drop)+0.5*output_disruption-3.0*input_damage_penalty-0.75*geometry_excess_penalty",add headphones,add_headphones,headphones,19,True,0.026048898696899414,0.01944868266582489,0.006600216031074524,44101,0.010302811861038208,8.0,0.78,"['scale_logit', 'action_face_side_push_left', 'action_face_side_push_right', 'action_head_top_raise', 'action_head_top_lower', 'action_jaw_expand', 'action_jaw_compress', 'action_asymmetry_twist']","[-0.7926324009895325, 0.6385533809661865, -0.6956702470779419, -0.28756701946258545, -1.0142614841461182, 1.254303216934204, -1.1703479290008545, -1.5385733842849731]",0.0015501230955123901,-0.013451710343360901,0.015001833438873291
phase4/outputs/phase4c_real_landmark_sanity/cases/face_003/igs_1p50/add_headphones/existence_probe/seed_00/candidates/cand_012_g01_m12,existence_probe,14.0,phase4/outputs/phase4c_real_landmark_sanity/cases/face_003/igs_1p50/add_headphones/existence_probe/seed_00/candidates/cand_012_g01_m12,12,cand_012_g01_m12,face_003__add_headphones__igs_1p50,0.04772844910621643,0.04772844910621643,True,-0.0005941092967987061,,True,,reject_input_damage,"['input_ssim_below_target:0.6002<0.7800', 'semantic_drop_nonpositive:-0.0006']",0.0,7.010196605697274,face_003,-3.8569058056019574,-0.0005941092967987061,1,0.0,0.75,landmark_semantic_tps,7.5,False,1.5,False,1.4384438896179201,3.0,0.09683659853753858,0.7529411911964417,0.05368764325976372,0.0,20.27920947802238,0.60019451379776,478,mediapipe_python_solutions_face_mesh,0.018402695655822754,0.018681704998016357,-0.0002790093421936035,13.986001968383789,14.0,0.006804292400677999,0.008529613415400187,8.461359977722168,12,-0.016972482204437256,-0.0002790093421936035,0.9168517265036061,0.5,0.11403279685264714,0.929411768913269,0.06504333764314651,18.85940447438385,0.5392794609069824,13.986001014709473,phase4/outputs/phase4c_real_landmark_sanity/cases/face_003/igs_1p50/add_headphones/existence_probe/seed_00/candidates/cand_012_g01_m12/clean_edit.png,phase4/outputs/phase4c_real_landmark_sanity/cases/face_003/igs_1p50/add_headphones/existence_probe/seed_00/candidates/cand_012_g01_m12/flow.png,phase4/outputs/phase4c_real_landmark_sanity/cases/face_003/igs_1p50/add_headphones/existence_probe/seed_00/candidates/cand_012_g01_m12/landmarks_overlay_original.jpg,phase4/outputs/phase4c_real_landmark_sanity/cases/face_003/igs_1p50/add_headphones/existence_probe/seed_00/candidates/cand_012_g01_m12/landmarks_overlay_perturbed.jpg,phase4/outputs/phase4c_real_landmark_sanity/cases/face_003/igs_1p50/add_headphones/existence_probe/seed_00/candidates/cand_012_g01_m12/original.png,phase4/outputs/phase4c_real_landmark_sanity/cases/face_003/igs_1p50/add_headphones/existence_probe/seed_00/candidates/cand_012_g01_m12/perturbed.png,phase4/outputs/phase4c_real_landmark_sanity/cases/face_003/igs_1p50/add_headphones/existence_probe/seed_00/candidates/cand_012_g01_m12/perturbed_edit.png,phase4/outputs/phase4c_real_landmark_sanity/cases/face_003/igs_1p50/add_headphones/existence_probe/seed_00/candidates/cand_012_g01_m12/regions_overlay_original.jpg,0.04832255840301514,0.04832255840301514,phase4c_real_landmark_sanity,-3.8569058056019574,0.9168517265036061,"8.0*max(0,semantic_drop)+0.5*output_disruption-3.0*input_damage_penalty-0.75*geometry_excess_penalty",existence_probe,-3.8569058056019574,"8.0*max(0,semantic_drop)+0.5*output_disruption-3.0*input_damage_penalty-0.75*geometry_excess_penalty",add headphones,add_headphones,headphones,20,True,0.026048898696899414,0.018703654408454895,0.007345244288444519,44101,-0.0005941092967987061,8.0,0.78,"['scale_logit', 'action_face_side_push_left', 'action_face_side_push_right', 'action_head_top_raise', 'action_head_top_lower', 'action_jaw_expand', 'action_jaw_compress', 'action_asymmetry_twist']","[0.017738262191414833, -2.177434206008911, -0.21724963188171387, 0.7191435694694519, 1.0547822713851929, 2.1867728233337402, 0.9977934956550598, -1.3282470703125]",0.0015501230955123901,-0.016972482204437256,0.018522605299949646
phase4/outputs/phase4c_real_landmark_sanity/cases/face_003/igs_1p50/add_headphones/existence_probe/seed_00/candidates/cand_001_g01_m01,existence_probe,14.0,phase4/outputs/phase4c_real_landmark_sanity/cases/face_003/igs_1p50/add_headphones/existence_probe/seed_00/candidates/cand_001_g01_m01,1,cand_001_g01_m01,face_003__add_headphones__igs_1p50,0.04772844910621643,0.04772844910621643,True,0.0072021484375,,True,,reject_input_damage,"['input_ssim_below_target:0.5812<0.7800', 'semantic_drop_small:0.0072']",0.0072021484375,6.878457278013229,face_003,-4.243606158952576,0.0072021484375,1,0.0,0.75,landmark_semantic_tps,7.5,False,1.5,False,1.5905411148071291,3.0,0.09898843955627237,0.7529411911964417,0.0557747446000576,0.0,20.088310437357567,0.5811823606491089,478,mediapipe_python_solutions_face_mesh,0.018402695655822754,0.011862188577651978,0.006540507078170776,13.986001968383789,14.0,0.00801400343577067,0.007319902380307515,8.83759593963623,1,-0.008304446935653687,0.005564630031585693,0.9407999959376222,0.5,0.11598139620787815,0.929411768913269,0.06621787697076797,18.712233348602545,0.5231255888938904,13.986001014709473,phase4/outputs/phase4c_real_landmark_sanity/cases/face_003/igs_1p50/add_headphones/existence_probe/seed_00/candidates/cand_001_g01_m01/clean_edit.png,phase4/outputs/phase4c_real_landmark_sanity/cases/face_003/igs_1p50/add_headphones/existence_probe/seed_00/candidates/cand_001_g01_m01/flow.png,phase4/outputs/phase4c_real_landmark_sanity/cases/face_003/igs_1p50/add_headphones/existence_probe/seed_00/candidates/cand_001_g01_m01/landmarks_overlay_original.jpg,phase4/outputs/phase4c_real_landmark_sanity/cases/face_003/igs_1p50/add_headphones/existence_probe/seed_00/candidates/cand_001_g01_m01/landmarks_overlay_perturbed.jpg,phase4/outputs/phase4c_real_landmark_sanity/cases/face_003/igs_1p50/add_headphones/existence_probe/seed_00/candidates/cand_001_g01_m01/original.png,phase4/outputs/phase4c_real_landmark_sanity/cases/face_003/igs_1p50/add_headphones/existence_probe/seed_00/candidates/cand_001_g01_m01/perturbed.png,phase4/outputs/phase4c_real_landmark_sanity/cases/face_003/igs_1p50/add_headphones/existence_probe/seed_00/candidates/cand_001_g01_m01/perturbed_edit.png,phase4/outputs/phase4c_real_landmark_sanity/cases/face_003/igs_1p50/add_headphones/existence_probe/seed_00/candidates/cand_001_g01_m01/regions_overlay_original.jpg,0.04052630066871643,0.04052630066871643,phase4c_real_landmark_sanity,-4.243606158952576,0.9407999959376222,"8.0*max(0,semantic_drop)+0.5*output_disruption-3.0*input_damage_penalty-0.75*geometry_excess_penalty",existence_probe,-4.243606158952576,"8.0*max(0,semantic_drop)+0.5*output_disruption-3.0*input_damage_penalty-0.75*geometry_excess_penalty",add headphones,add_headphones,headphones,21,True,0.026048898696899414,0.02048426866531372,0.005564630031585693,44101,0.0072021484375,8.0,0.78,"['scale_logit', 'action_face_side_push_left', 'action_face_side_push_right', 'action_head_top_raise', 'action_head_top_lower', 'action_jaw_expand', 'action_jaw_compress', 'action_asymmetry_twist']","[0.1487768441438675, 1.262166142463684, -0.11885065585374832, 0.5212593674659729, -0.4510548412799835, 0.4130653440952301, 1.7045482397079468, 1.4194731712341309]",0.0015501230955123901,-0.008304446935653687,0.009854570031166077
phase4/outputs/phase4c_real_landmark_sanity/cases/face_003/igs_1p50/add_headphones/existence_probe/seed_00/candidates/cand_010_g01_m10,existence_probe,14.0,phase4/outputs/phase4c_real_landmark_sanity/cases/face_003/igs_1p50/add_headphones/existence_probe/seed_00/candidates/cand_010_g01_m10,10,cand_010_g01_m10,face_003__add_headphones__igs_1p50,0.04772844910621643,0.04772844910621643,True,0.007688999176025391,,True,,reject_input_damage,"['input_ssim_below_target:0.5716<0.7800', 'semantic_drop_small:0.0077']",0.007688999176025391,9.668537316843867,face_003,-4.4594635053616996,0.007688999176025391,1,0.0,0.75,landmark_semantic_tps,7.5,False,1.5,False,1.6674020195007326,3.0,0.09862239234949627,0.7686274647712708,0.05769984796643257,0.0,20.120489334093314,0.5715747475624084,478,mediapipe_python_solutions_face_mesh,0.018402695655822754,0.02257700264453888,-0.0041743069887161255,13.986001968383789,14.0,0.010552048683166504,0.004781857132911682,9.473858833312988,10,-0.01004655659198761,-0.0041743069887161255,0.9624611194645911,0.5,0.11670434613316134,0.9098039269447327,0.06891090422868729,18.658259405827238,0.5043562650680542,13.986001014709473,phase4/outputs/phase4c_real_landmark_sanity/cases/face_003/igs_1p50/add_headphones/existence_probe/seed_00/candidates/cand_010_g01_m10/clean_edit.png,phase4/outputs/phase4c_real_landmark_sanity/cases/face_003/igs_1p50/add_headphones/existence_probe/seed_00/candidates/cand_010_g01_m10/flow.png,phase4/outputs/phase4c_real_landmark_sanity/cases/face_003/igs_1p50/add_headphones/existence_probe/seed_00/candidates/cand_010_g01_m10/landmarks_overlay_original.jpg,phase4/outputs/phase4c_real_landmark_sanity/cases/face_003/igs_1p50/add_headphones/existence_probe/seed_00/candidates/cand_010_g01_m10/landmarks_overlay_perturbed.jpg,phase4/outputs/phase4c_real_landmark_sanity/cases/face_003/igs_1p50/add_headphones/existence_probe/seed_00/candidates/cand_010_g01_m10/original.png,phase4/outputs/phase4c_real_landmark_sanity/cases/face_003/igs_1p50/add_headphones/existence_probe/seed_00/candidates/cand_010_g01_m10/perturbed.png,phase4/outputs/phase4c_real_landmark_sanity/cases/face_003/igs_1p50/add_headphones/existence_probe/seed_00/candidates/cand_010_g01_m10/perturbed_edit.png,phase4/outputs/phase4c_real_landmark_sanity/cases/face_003/igs_1p50/add_headphones/existence_probe/seed_00/candidates/cand_010_g01_m10/regions_overlay_original.jpg,0.04003944993019104,0.04003944993019104,phase4c_real_landmark_sanity,-4.4594635053616996,0.9624611194645911,"8.0*max(0,semantic_drop)+0.5*output_disruption-3.0*input_damage_penalty-0.75*geometry_excess_penalty",existence_probe,-4.4594635053616996,"8.0*max(0,semantic_drop)+0.5*output_disruption-3.0*input_damage_penalty-0.75*geometry_excess_penalty",add headphones,add_headphones,headphones,22,True,0.026048898696899414,0.019125699996948242,0.006923198699951172,44101,0.007688999176025391,8.0,0.78,"['scale_logit', 'action_face_side_push_left', 'action_face_side_push_right', 'action_head_top_raise', 'action_head_top_lower', 'action_jaw_expand', 'action_jaw_compress', 'action_asymmetry_twist']","[0.9695701003074646, -1.1370059251785278, 0.8435296416282654, 1.536226749420166, -0.12191890180110931, 0.28024545311927795, -0.10082107782363892, 1.0682469606399536]",0.0015501230955123901,-0.01004655659198761,0.0115966796875
phase4/outputs/phase4c_real_landmark_sanity/cases/face_003/igs_1p50/add_headphones/existence_probe/seed_00/candidates/cand_003_g01_m03,existence_probe,14.0,phase4/outputs/phase4c_real_landmark_sanity/cases/face_003/igs_1p50/add_headphones/existence_probe/seed_00/candidates/cand_003_g01_m03,3,cand_003_g01_m03,face_003__add_headphones__igs_1p50,0.04772844910621643,0.04772844910621643,True,0.0080203115940094,,True,,reject_input_damage,"['input_ssim_below_target:0.5601<0.7800', 'semantic_drop_small:0.0080']",0.0080203115940094,6.726045219227672,face_003,-4.741826075417662,0.0080203115940094,1,0.0,0.75,landmark_semantic_tps,7.5,False,1.5,False,1.759521236419678,3.0,0.09513379584505398,0.7372549176216125,0.05602937564253807,0.0,20.43330349055163,0.5600598454475403,478,mediapipe_python_solutions_face_mesh,0.018402695655822754,0.015281379222869873,0.003121316432952881,13.986001968383789,14.0,0.004952281713485718,0.010381624102592468,8.213858604431152,3,-0.012664496898651123,0.003121316432952881,0.9451502821785932,0.5,0.11190464253084673,0.9215686321258545,0.06670888513326645,19.023037914883375,0.5024682879447937,13.986001014709473,phase4/outputs/phase4c_real_landmark_sanity/cases/face_003/igs_1p50/add_headphones/existence_probe/seed_00/candidates/cand_003_g01_m03/clean_edit.png,phase4/outputs/phase4c_real_landmark_sanity/cases/face_003/igs_1p50/add_headphones/existence_probe/seed_00/candidates/cand_003_g01_m03/flow.png,phase4/outputs/phase4c_real_landmark_sanity/cases/face_003/igs_1p50/add_headphones/existence_probe/seed_00/candidates/cand_003_g01_m03/landmarks_overlay_original.jpg,phase4/outputs/phase4c_real_landmark_sanity/cases/face_003/igs_1p50/add_headphones/existence_probe/seed_00/candidates/cand_003_g01_m03/landmarks_overlay_perturbed.jpg,phase4/outputs/phase4c_real_landmark_sanity/cases/face_003/igs_1p50/add_headphones/existence_probe/seed_00/candidates/cand_003_g01_m03/original.png,phase4/outputs/phase4c_real_landmark_sanity/cases/face_003/igs_1p50/add_headphones/existence_probe/seed_00/candidates/cand_003_g01_m03/perturbed.png,phase4/outputs/phase4c_real_landmark_sanity/cases/face_003/igs_1p50/add_headphones/existence_probe/seed_00/candidates/cand_003_g01_m03/perturbed_edit.png,phase4/outputs/phase4c_real_landmark_sanity/cases/face_003/igs_1p50/add_headphones/existence_probe/seed_00/candidates/cand_003_g01_m03/regions_overlay_original.jpg,0.03970813751220703,0.03970813751220703,phase4c_real_landmark_sanity,-4.741826075417662,0.9451502821785932,"8.0*max(0,semantic_drop)+0.5*output_disruption-3.0*input_damage_penalty-0.75*geometry_excess_penalty",existence_probe,-4.741826075417662,"8.0*max(0,semantic_drop)+0.5*output_disruption-3.0*input_damage_penalty-0.75*geometry_excess_penalty",add headphones,add_headphones,headphones,23,True,0.026048898696899414,0.012239962816238403,0.01380893588066101,44101,0.0080203115940094,8.0,0.78,"['scale_logit', 'action_face_side_push_left', 'action_face_side_push_right', 'action_head_top_raise', 'action_head_top_lower', 'action_jaw_expand', 'action_jaw_compress', 'action_asymmetry_twist']","[0.510906994342804, -0.09494821727275848, 2.322173833847046, -0.2873222827911377, -0.1276724934577942, -0.6299922466278076, 0.3357987701892853, -0.47933390736579895]",0.0015501230955123901,-0.012664496898651123,0.014214619994163513
phase4/outputs/phase4c_real_landmark_sanity/cases/face_003/igs_1p50/add_headphones/existence_probe/seed_00/candidates/cand_009_g01_m09,existence_probe,14.0,phase4/outputs/phase4c_real_landmark_sanity/cases/face_003/igs_1p50/add_headphones/existence_probe/seed_00/candidates/cand_009_g01_m09,9,cand_009_g01_m09,face_003__add_headphones__igs_1p50,0.04772844910621643,0.04772844910621643,True,0.007332503795623779,,True,,reject_input_damage,"['input_ssim_below_target:0.5215<0.7800', 'semantic_drop_small:0.0073']",0.007332503795623779,5.7920986991375685,face_003,-5.610736474181533,0.007332503795623779,1,0.0,0.75,landmark_semantic_tps,7.5,False,1.5,False,2.0676696205139162,3.0,0.11083808342968426,0.7490196228027344,0.0651528611779213,0.0,19.106219849623734,0.5215412974357605,478,mediapipe_python_solutions_face_mesh,0.018402695655822754,0.008071571588516235,0.010331124067306519,13.986001968383789,14.0,0.006624003251393636,0.00870990256468455,9.499281883239746,9,-0.007962033152580261,0.00628642737865448,1.06722471399045,0.5,0.13057443569833044,0.9333333373069763,0.07744526118040085,17.68283684742317,0.4550730288028717,13.986001014709473,phase4/outputs/phase4c_real_landmark_sanity/cases/face_003/igs_1p50/add_headphones/existence_probe/seed_00/candidates/cand_009_g01_m09/clean_edit.png,phase4/outputs/phase4c_real_landmark_sanity/cases/face_003/igs_1p50/add_headphones/existence_probe/seed_00/candidates/cand_009_g01_m09/flow.png,phase4/outputs/phase4c_real_landmark_sanity/cases/face_003/igs_1p50/add_headphones/existence_probe/seed_00/candidates/cand_009_g01_m09/landmarks_overlay_original.jpg,phase4/outputs/phase4c_real_landmark_sanity/cases/face_003/igs_1p50/add_headphones/existence_probe/seed_00/candidates/cand_009_g01_m09/landmarks_overlay_perturbed.jpg,phase4/outputs/phase4c_real_landmark_sanity/cases/face_003/igs_1p50/add_headphones/existence_probe/seed_00/candidates/cand_009_g01_m09/original.png,phase4/outputs/phase4c_real_landmark_sanity/cases/face_003/igs_1p50/add_headphones/existence_probe/seed_00/candidates/cand_009_g01_m09/perturbed.png,phase4/outputs/phase4c_real_landmark_sanity/cases/face_003/igs_1p50/add_headphones/existence_probe/seed_00/candidates/cand_009_g01_m09/perturbed_edit.png,phase4/outputs/phase4c_real_landmark_sanity/cases/face_003/igs_1p50/add_headphones/existence_probe/seed_00/candidates/cand_009_g01_m09/regions_overlay_original.jpg,0.04039594531059265,0.04039594531059265,phase4c_real_landmark_sanity,-5.610736474181533,1.06722471399045,"8.0*max(0,semantic_drop)+0.5*output_disruption-3.0*input_damage_penalty-0.75*geometry_excess_penalty",existence_probe,-5.610736474181533,"8.0*max(0,semantic_drop)+0.5*output_disruption-3.0*input_damage_penalty-0.75*geometry_excess_penalty",add headphones,add_headphones,headphones,24,True,0.026048898696899414,0.019762471318244934,0.00628642737865448,44101,0.007332503795623779,8.0,0.78,"['scale_logit', 'action_face_side_push_left', 'action_face_side_push_right', 'action_head_top_raise', 'action_head_top_lower', 'action_jaw_expand', 'action_jaw_compress', 'action_asymmetry_twist']","[1.5653502941131592, 0.4754561185836792, -0.13653606176376343, 0.19849465787410736, -0.11908818781375885, -2.5, 0.8077779412269592, 0.441978394985199]",0.0015501230955123901,-0.007962033152580261,0.009512156248092651
phase4/outputs/phase4c_real_landmark_sanity/cases/face_003/igs_1p50/add_headphones/existence_probe/seed_00/candidates/cand_002_g01_m02,existence_probe,14.0,phase4/outputs/phase4c_real_landmark_sanity/cases/face_003/igs_1p50/add_headphones/existence_probe/seed_00/candidates/cand_002_g01_m02,2,cand_002_g01_m02,face_003__add_headphones__igs_1p50,0.04772844910621643,0.04772844910621643,True,0.011065632104873657,,True,,reject_input_damage,"['input_ssim_below_target:0.5133<0.7800', 'semantic_drop_small:0.0111']",0.011065632104873657,6.105909489095211,face_003,-5.778293484901422,0.011065632104873657,1,0.0,0.75,landmark_semantic_tps,7.5,False,1.5,False,2.1338937187194826,3.0,0.10630585783466089,0.7568627595901489,0.06557544320821762,0.0,19.468856072624305,0.5132632851600647,478,mediapipe_python_solutions_face_mesh,0.018402695655822754,0.018041804432868958,0.0003608912229537964,13.986001968383789,14.0,0.01253815988699595,0.002795745929082235,10.672991752624512,2,-0.0018532872200012207,0.0003608912229537964,1.0697252288360746,0.5,0.12718602604914087,0.8901960849761963,0.07860221713781357,17.911212041539347,0.4390188753604889,13.986001014709473,phase4/outputs/phase4c_real_landmark_sanity/cases/face_003/igs_1p50/add_headphones/existence_probe/seed_00/candidates/cand_002_g01_m02/clean_edit.png,phase4/outputs/phase4c_real_landmark_sanity/cases/face_003/igs_1p50/add_headphones/existence_probe/seed_00/candidates/cand_002_g01_m02/flow.png,phase4/outputs/phase4c_real_landmark_sanity/cases/face_003/igs_1p50/add_headphones/existence_probe/seed_00/candidates/cand_002_g01_m02/landmarks_overlay_original.jpg,phase4/outputs/phase4c_real_landmark_sanity/cases/face_003/igs_1p50/add_headphones/existence_probe/seed_00/candidates/cand_002_g01_m02/landmarks_overlay_perturbed.jpg,phase4/outputs/phase4c_real_landmark_sanity/cases/face_003/igs_1p50/add_headphones/existence_probe/seed_00/candidates/cand_002_g01_m02/original.png,phase4/outputs/phase4c_real_landmark_sanity/cases/face_003/igs_1p50/add_headphones/existence_probe/seed_00/candidates/cand_002_g01_m02/perturbed.png,phase4/outputs/phase4c_real_landmark_sanity/cases/face_003/igs_1p50/add_headphones/existence_probe/seed_00/candidates/cand_002_g01_m02/perturbed_edit.png,phase4/outputs/phase4c_real_landmark_sanity/cases/face_003/igs_1p50/add_headphones/existence_probe/seed_00/candidates/cand_002_g01_m02/regions_overlay_original.jpg,0.03666281700134277,0.03666281700134277,phase4c_real_landmark_sanity,-5.778293484901422,1.0697252288360746,"8.0*max(0,semantic_drop)+0.5*output_disruption-3.0*input_damage_penalty-0.75*geometry_excess_penalty",existence_probe,-5.778293484901422,"8.0*max(0,semantic_drop)+0.5*output_disruption-3.0*input_damage_penalty-0.75*geometry_excess_penalty",add headphones,add_headphones,headphones,25,True,0.026048898696899414,0.021425962448120117,0.004622936248779297,44101,0.011065632104873657,8.0,0.78,"['scale_logit', 'action_face_side_push_left', 'action_face_side_push_right', 'action_head_top_raise', 'action_head_top_lower', 'action_jaw_expand', 'action_jaw_compress', 'action_asymmetry_twist']","[1.0356570482254028, -0.9990336894989014, -1.6681979894638062, 1.6337565183639526, -0.3384014666080475, 0.47174447774887085, -1.2853959798812866, 0.9097754955291748]",0.0015501230955123901,-0.0018532872200012207,0.003403410315513611
