best_folder,budget,budget_max_disp_px,candidate_folder,candidate_index,candidate_name,clean_clip_positive_margin,clean_semantic_success_score,clip_available,clip_semantic_drop,clip_warning,dct_modes,decision_label,decision_reasons,edit_failure_score,elapsed_seconds,final_attack_score,generation,geometry_excess_penalty,geometry_excess_penalty_weight,geometry_method,identity_or_face_health_available,initial_candidate,input_damage_penalty,input_damage_penalty_weight,input_l2,input_max_abs,input_mean_abs,input_preservation_score,input_psnr,input_ssim,max_disp_px,max_disp_px_budget,mean_disp_px,member,mesh_size,output_disruption_score,output_disruption_weight,output_l2,output_max_abs,output_mean_abs,output_psnr,output_ssim,p95_disp_px,path_flow,path_original,path_original_edited,path_perturbed,path_perturbed_edited,perturbed_clip_positive_margin,perturbed_semantic_success_score,phase,phase2_final_score,phase2_output_disruption,phase2_score_formula,prompt,prompt_priority,prompt_slug,rank,region_count,region_key,scale_factor,seed,semantic_drop,semantic_drop_weight,semantic_rescored_from_cache,target_input_ssim,tps_size
phase2/outputs/phase2a_probe/add_black_sunglasses/strong/seed_00/candidates/cand_022_g02_m10,strong,6.0,phase2/outputs/phase2a_probe/add_black_sunglasses/strong/seed_00/candidates/cand_022_g02_m10,22,cand_022_g02_m10,0.03148290514945984,0.03148290514945984,True,-0.0074662864208221436,,"[[1, 0], [0, 1], [1, 1], [2, 0], [0, 2], [2, 1]]",metric_only_candidate,"['semantic_drop_nonpositive:-0.0075', 'semantic_drop_nonpositive:-0.0075']",0.0,5.115682881325483,0.1916256196766046,2,0.0,1.0,region_local_tps,False,False,0.0,3.0,0.02613186353227755,0.9137254953384399,0.005341074895113707,0.5933198928833007,31.656592369612028,0.9593319892883301,5.415724277496338,6.0,0.4441263973712921,10,4,0.1916256196766046,1.0,0.03523719925356277,0.658823549747467,0.015250460244715214,29.05997235540464,0.9493231773376465,4.065370559692383,phase2/outputs/phase2a_probe/add_black_sunglasses/strong/seed_00/candidates/cand_022_g02_m10/flow.png,phase2/outputs/phase2a_probe/add_black_sunglasses/strong/seed_00/candidates/cand_022_g02_m10/original.png,phase2/outputs/phase2a_probe/add_black_sunglasses/strong/seed_00/candidates/cand_022_g02_m10/original_edited.png,phase2/outputs/phase2a_probe/add_black_sunglasses/strong/seed_00/candidates/cand_022_g02_m10/perturbed.png,phase2/outputs/phase2a_probe/add_black_sunglasses/strong/seed_00/candidates/cand_022_g02_m10/perturbed_edited.png,0.03894919157028198,0.03894919157028198,phase2a_probe,0.1916256196766046,0.1916256196766046,"4*max(0,semantic_drop)+1*output_disruption-3*input_damage_penalty-1*geometry_excess_penalty",add black sunglasses,2,add_black_sunglasses,1,1,glasses,0.924673318862915,23101,-0.0074662864208221436,4.0,True,0.9,4
phase2/outputs/phase2a_probe/add_black_sunglasses/strong/seed_00/candidates/cand_025_g03_m01,strong,6.0,phase2/outputs/phase2a_probe/add_black_sunglasses/strong/seed_00/candidates/cand_025_g03_m01,25,cand_025_g03_m01,0.03148290514945984,0.03148290514945984,True,-0.008313179016113281,,"[[1, 0], [0, 1], [1, 1], [2, 0], [0, 2], [2, 1]]",metric_only_candidate,"['semantic_drop_nonpositive:-0.0083', 'semantic_drop_nonpositive:-0.0083']",0.0,4.972012585029006,0.18032385146052857,3,0.0,1.0,region_local_mesh,False,False,0.0,3.0,0.02731293512960423,0.8941176533699036,0.005424559116363525,0.5858335494995116,31.272632535399232,0.9585833549499512,5.316049575805664,6.0,0.43195879459381104,1,4,0.18032385146052857,1.0,0.033129352419155884,0.6745098233222961,0.01205160841345787,29.59574106415125,0.952193558216095,4.063714504241943,phase2/outputs/phase2a_probe/add_black_sunglasses/strong/seed_00/candidates/cand_025_g03_m01/flow.png,phase2/outputs/phase2a_probe/add_black_sunglasses/strong/seed_00/candidates/cand_025_g03_m01/original.png,phase2/outputs/phase2a_probe/add_black_sunglasses/strong/seed_00/candidates/cand_025_g03_m01/original_edited.png,phase2/outputs/phase2a_probe/add_black_sunglasses/strong/seed_00/candidates/cand_025_g03_m01/perturbed.png,phase2/outputs/phase2a_probe/add_black_sunglasses/strong/seed_00/candidates/cand_025_g03_m01/perturbed_edited.png,0.03979608416557312,0.03979608416557312,phase2a_probe,0.18032385146052857,0.18032385146052857,"4*max(0,semantic_drop)+1*output_disruption-3*input_damage_penalty-1*geometry_excess_penalty",add black sunglasses,2,add_black_sunglasses,2,1,glasses,0.9040900468826294,23101,-0.008313179016113281,4.0,True,0.9,4
phase2/outputs/phase2a_probe/add_black_sunglasses/strong/seed_00/candidates/cand_004_g01_m04,strong,6.0,phase2/outputs/phase2a_probe/add_black_sunglasses/strong/seed_00/candidates/cand_004_g01_m04,4,cand_004_g01_m04,0.03148290514945984,0.03148290514945984,True,-0.00827750563621521,,"[[1, 0], [0, 1], [1, 1], [2, 0], [0, 2], [2, 1]]",metric_only_candidate,"['semantic_drop_nonpositive:-0.0083', 'semantic_drop_nonpositive:-0.0083']",0.0,5.967062735930085,0.17201009493007083,1,0.0,1.0,region_local_mesh,False,False,0.0,3.0,0.026538202668032418,0.8941176533699036,0.0051118494011461735,0.5957213640213012,31.522569871924237,0.9595721364021301,5.616367340087891,6.0,0.42456528544425964,4,4,0.17201009493007083,1.0,0.031304873776768195,0.7450980544090271,0.012917649932205677,30.08776085956329,0.953209400177002,3.732546091079712,phase2/outputs/phase2a_probe/add_black_sunglasses/strong/seed_00/candidates/cand_004_g01_m04/flow.png,phase2/outputs/phase2a_probe/add_black_sunglasses/strong/seed_00/candidates/cand_004_g01_m04/original.png,phase2/outputs/phase2a_probe/add_black_sunglasses/strong/seed_00/candidates/cand_004_g01_m04/original_edited.png,phase2/outputs/phase2a_probe/add_black_sunglasses/strong/seed_00/candidates/cand_004_g01_m04/perturbed.png,phase2/outputs/phase2a_probe/add_black_sunglasses/strong/seed_00/candidates/cand_004_g01_m04/perturbed_edited.png,0.03976041078567505,0.03976041078567505,phase2a_probe,0.17201009493007083,0.17201009493007083,"4*max(0,semantic_drop)+1*output_disruption-3*input_damage_penalty-1*geometry_excess_penalty",add black sunglasses,2,add_black_sunglasses,3,1,glasses,0.9551645517349243,23101,-0.00827750563621521,4.0,True,0.9,4
phase2/outputs/phase2a_probe/add_black_sunglasses/strong/seed_00/candidates/cand_032_g03_m08,strong,6.0,phase2/outputs/phase2a_probe/add_black_sunglasses/strong/seed_00/candidates/cand_032_g03_m08,32,cand_032_g03_m08,0.03148290514945984,0.03148290514945984,True,-0.002280682325363159,,"[[1, 0], [0, 1], [1, 1], [2, 0], [0, 2], [2, 1]]",metric_only_candidate,"['semantic_drop_nonpositive:-0.0023', 'semantic_drop_nonpositive:-0.0023']",0.0,4.911915834993124,0.1677844083835771,3,0.0,1.0,region_local_mesh,False,False,0.0,3.0,0.026217011994638308,0.9215686321258545,0.005265025421977043,0.5960992574691771,31.628336144747017,0.9596099257469177,5.517052173614502,6.0,0.393280029296875,8,4,0.1677844083835771,1.0,0.03003302605276531,0.658823549747467,0.01592596434056759,30.448018143361008,0.9523476958274841,3.7338309288024902,phase2/outputs/phase2a_probe/add_black_sunglasses/strong/seed_00/candidates/cand_032_g03_m08/flow.png,phase2/outputs/phase2a_probe/add_black_sunglasses/strong/seed_00/candidates/cand_032_g03_m08/original.png,phase2/outputs/phase2a_probe/add_black_sunglasses/strong/seed_00/candidates/cand_032_g03_m08/original_edited.png,phase2/outputs/phase2a_probe/add_black_sunglasses/strong/seed_00/candidates/cand_032_g03_m08/perturbed.png,phase2/outputs/phase2a_probe/add_black_sunglasses/strong/seed_00/candidates/cand_032_g03_m08/perturbed_edited.png,0.033763587474823,0.033763587474823,phase2a_probe,0.1677844083835771,0.1677844083835771,"4*max(0,semantic_drop)+1*output_disruption-3*input_damage_penalty-1*geometry_excess_penalty",add black sunglasses,2,add_black_sunglasses,4,1,glasses,0.9382741451263428,23101,-0.002280682325363159,4.0,True,0.9,4
phase2/outputs/phase2a_probe/add_black_sunglasses/strong/seed_00/candidates/cand_029_g03_m05,strong,6.0,phase2/outputs/phase2a_probe/add_black_sunglasses/strong/seed_00/candidates/cand_029_g03_m05,29,cand_029_g03_m05,0.03148290514945984,0.03148290514945984,True,-0.006135493516921997,,"[[1, 0], [0, 1], [1, 1], [2, 0], [0, 2], [2, 1]]",metric_only_candidate,"['semantic_drop_nonpositive:-0.0061', 'semantic_drop_nonpositive:-0.0061']",0.0,4.92466096393764,0.16022013512823613,3,0.0,1.0,combined_all,False,False,0.0,3.0,0.023270525056113094,0.8745098114013672,0.004699831362813711,0.6237230300903319,32.66387635111107,0.9623723030090332,5.018275260925293,6.0,0.38800355792045593,5,4,0.16022013512823613,1.0,0.029880699732834175,0.6274510025978088,0.011576919816434383,30.492184732480517,0.9593026638031006,3.362487554550171,phase2/outputs/phase2a_probe/add_black_sunglasses/strong/seed_00/candidates/cand_029_g03_m05/flow.png,phase2/outputs/phase2a_probe/add_black_sunglasses/strong/seed_00/candidates/cand_029_g03_m05/original.png,phase2/outputs/phase2a_probe/add_black_sunglasses/strong/seed_00/candidates/cand_029_g03_m05/original_edited.png,phase2/outputs/phase2a_probe/add_black_sunglasses/strong/seed_00/candidates/cand_029_g03_m05/perturbed.png,phase2/outputs/phase2a_probe/add_black_sunglasses/strong/seed_00/candidates/cand_029_g03_m05/perturbed_edited.png,0.037618398666381836,0.037618398666381836,phase2a_probe,0.16022013512823613,0.16022013512823613,"4*max(0,semantic_drop)+1*output_disruption-3*input_damage_penalty-1*geometry_excess_penalty",add black sunglasses,2,add_black_sunglasses,5,1,glasses,0.9569655656814575,23101,-0.006135493516921997,4.0,True,0.9,4
phase2/outputs/phase2a_probe/add_black_sunglasses/strong/seed_00/candidates/cand_034_g03_m10,strong,6.0,phase2/outputs/phase2a_probe/add_black_sunglasses/strong/seed_00/candidates/cand_034_g03_m10,34,cand_034_g03_m10,0.03148290514945984,0.03148290514945984,True,-0.005902141332626343,,"[[1, 0], [0, 1], [1, 1], [2, 0], [0, 2], [2, 1]]",metric_only_candidate,"['semantic_drop_nonpositive:-0.0059', 'semantic_drop_nonpositive:-0.0059']",0.0,5.0208637192845345,0.15989500956093558,3,0.0,1.0,region_local_tps,False,False,0.0,3.0,0.022528732649902256,0.9019607901573181,0.0046333265490829945,0.6324044466018676,32.94526477505309,0.9632404446601868,5.328904151916504,6.0,0.3669968247413635,10,4,0.15989500956093558,1.0,0.0290646718848628,0.6784313917160034,0.010600009001791477,30.732691509818714,0.9563636779785156,3.2899904251098633,phase2/outputs/phase2a_probe/add_black_sunglasses/strong/seed_00/candidates/cand_034_g03_m10/flow.png,phase2/outputs/phase2a_probe/add_black_sunglasses/strong/seed_00/candidates/cand_034_g03_m10/original.png,phase2/outputs/phase2a_probe/add_black_sunglasses/strong/seed_00/candidates/cand_034_g03_m10/original_edited.png,phase2/outputs/phase2a_probe/add_black_sunglasses/strong/seed_00/candidates/cand_034_g03_m10/perturbed.png,phase2/outputs/phase2a_probe/add_black_sunglasses/strong/seed_00/candidates/cand_034_g03_m10/perturbed_edited.png,0.03738504648208618,0.03738504648208618,phase2a_probe,0.15989500956093558,0.15989500956093558,"4*max(0,semantic_drop)+1*output_disruption-3*input_damage_penalty-1*geometry_excess_penalty",add black sunglasses,2,add_black_sunglasses,6,1,glasses,0.9062762260437012,23101,-0.005902141332626343,4.0,True,0.9,4
phase2/outputs/phase2a_probe/add_black_sunglasses/strong/seed_00/candidates/cand_027_g03_m03,strong,6.0,phase2/outputs/phase2a_probe/add_black_sunglasses/strong/seed_00/candidates/cand_027_g03_m03,27,cand_027_g03_m03,0.03148290514945984,0.03148290514945984,True,-0.0070882439613342285,,"[[1, 0], [0, 1], [1, 1], [2, 0], [0, 2], [2, 1]]",metric_only_candidate,"['semantic_drop_nonpositive:-0.0071', 'semantic_drop_nonpositive:-0.0071']",0.0,4.991716371849179,0.15774948713552742,3,0.0,1.0,region_local_tps,False,False,0.0,3.0,0.02666783348917796,0.9058823585510254,0.0052071367390453815,0.5987528562545775,31.480245304435513,0.9598752856254578,4.411069393157959,6.0,0.4222089350223541,3,4,0.15774948713552742,1.0,0.029221076064735126,0.6627451181411743,0.008845658041536808,30.686075904672467,0.9591348171234131,3.8776848316192627,phase2/outputs/phase2a_probe/add_black_sunglasses/strong/seed_00/candidates/cand_027_g03_m03/flow.png,phase2/outputs/phase2a_probe/add_black_sunglasses/strong/seed_00/candidates/cand_027_g03_m03/original.png,phase2/outputs/phase2a_probe/add_black_sunglasses/strong/seed_00/candidates/cand_027_g03_m03/original_edited.png,phase2/outputs/phase2a_probe/add_black_sunglasses/strong/seed_00/candidates/cand_027_g03_m03/perturbed.png,phase2/outputs/phase2a_probe/add_black_sunglasses/strong/seed_00/candidates/cand_027_g03_m03/perturbed_edited.png,0.03857114911079407,0.03857114911079407,phase2a_probe,0.15774948713552742,0.15774948713552742,"4*max(0,semantic_drop)+1*output_disruption-3*input_damage_penalty-1*geometry_excess_penalty",add black sunglasses,2,add_black_sunglasses,7,1,glasses,0.9212685823440552,23101,-0.0070882439613342285,4.0,True,0.9,4
phase2/outputs/phase2a_probe/add_black_sunglasses/strong/seed_00/candidates/cand_035_g03_m11,strong,6.0,phase2/outputs/phase2a_probe/add_black_sunglasses/strong/seed_00/candidates/cand_035_g03_m11,35,cand_035_g03_m11,0.03148290514945984,0.03148290514945984,True,-0.0017154812812805176,,"[[1, 0], [0, 1], [1, 1], [2, 0], [0, 2], [2, 1]]",metric_only_candidate,"['semantic_drop_nonpositive:-0.0017', 'semantic_drop_nonpositive:-0.0017']",0.0,5.02433392778039,0.1566790141139387,3,0.0,1.0,region_local_tps,False,False,0.0,3.0,0.024485361178051678,0.7333333492279053,0.004630588460713625,0.6364146471023558,32.22186970836722,0.9636414647102356,5.483661651611328,6.0,0.353606641292572,11,4,0.1566790141139387,1.0,0.028919542766460752,0.6117647290229797,0.01325799897313118,30.776171555055537,0.9589991569519043,3.4260940551757812,phase2/outputs/phase2a_probe/add_black_sunglasses/strong/seed_00/candidates/cand_035_g03_m11/flow.png,phase2/outputs/phase2a_probe/add_black_sunglasses/strong/seed_00/candidates/cand_035_g03_m11/original.png,phase2/outputs/phase2a_probe/add_black_sunglasses/strong/seed_00/candidates/cand_035_g03_m11/original_edited.png,phase2/outputs/phase2a_probe/add_black_sunglasses/strong/seed_00/candidates/cand_035_g03_m11/perturbed.png,phase2/outputs/phase2a_probe/add_black_sunglasses/strong/seed_00/candidates/cand_035_g03_m11/perturbed_edited.png,0.033198386430740356,0.033198386430740356,phase2a_probe,0.1566790141139387,0.1566790141139387,"4*max(0,semantic_drop)+1*output_disruption-3*input_damage_penalty-1*geometry_excess_penalty",add black sunglasses,2,add_black_sunglasses,8,1,glasses,0.9339540004730225,23101,-0.0017154812812805176,4.0,True,0.9,4
phase2/outputs/phase2a_probe/add_black_sunglasses/strong/seed_00/candidates/cand_031_g03_m07,strong,6.0,phase2/outputs/phase2a_probe/add_black_sunglasses/strong/seed_00/candidates/cand_031_g03_m07,31,cand_031_g03_m07,0.03148290514945984,0.03148290514945984,True,-0.0038512051105499268,,"[[1, 0], [0, 1], [1, 1], [2, 0], [0, 2], [2, 1]]",metric_only_candidate,"['semantic_drop_nonpositive:-0.0039', 'semantic_drop_nonpositive:-0.0039']",0.0,5.0421930104494095,0.1547391393619165,3,0.0,1.0,region_local_tps,False,False,0.0,3.0,0.026907320250792243,0.8823529481887817,0.005562721285969019,0.5762652158737182,31.40259104527815,0.9576265215873718,5.368496894836426,6.0,0.44187167286872864,7,4,0.1547391393619165,1.0,0.027177035282984006,0.7019608020782471,0.011130147613584995,31.315958435858025,0.9539690017700195,4.113471031188965,phase2/outputs/phase2a_probe/add_black_sunglasses/strong/seed_00/candidates/cand_031_g03_m07/flow.png,phase2/outputs/phase2a_probe/add_black_sunglasses/strong/seed_00/candidates/cand_031_g03_m07/original.png,phase2/outputs/phase2a_probe/add_black_sunglasses/strong/seed_00/candidates/cand_031_g03_m07/original_edited.png,phase2/outputs/phase2a_probe/add_black_sunglasses/strong/seed_00/candidates/cand_031_g03_m07/perturbed.png,phase2/outputs/phase2a_probe/add_black_sunglasses/strong/seed_00/candidates/cand_031_g03_m07/perturbed_edited.png,0.035334110260009766,0.035334110260009766,phase2a_probe,0.1547391393619165,0.1547391393619165,"4*max(0,semantic_drop)+1*output_disruption-3*input_damage_penalty-1*geometry_excess_penalty",add black sunglasses,2,add_black_sunglasses,9,1,glasses,0.917343020439148,23101,-0.0038512051105499268,4.0,True,0.9,4
phase2/outputs/phase2a_probe/add_black_sunglasses/strong/seed_00/candidates/cand_020_g02_m08,strong,6.0,phase2/outputs/phase2a_probe/add_black_sunglasses/strong/seed_00/candidates/cand_020_g02_m08,20,cand_020_g02_m08,0.03148290514945984,0.03148290514945984,True,-0.0022589266300201416,,"[[1, 0], [0, 1], [1, 1], [2, 0], [0, 2], [2, 1]]",metric_only_candidate,"['semantic_drop_nonpositive:-0.0023', 'semantic_drop_nonpositive:-0.0023']",0.0,5.069154849275947,0.15272888339776297,2,0.0,1.0,region_local_mesh,False,False,0.0,3.0,0.026224675090798656,0.8784313797950745,0.0050536817871034145,0.6125823259353637,31.625797675383897,0.9612582325935364,5.0872015953063965,6.0,0.42077207565307617,8,4,0.15272888339776297,1.0,0.027064002546714,0.6666666865348816,0.01313405018299818,31.352159487062035,0.955527126789093,3.891369581222534,phase2/outputs/phase2a_probe/add_black_sunglasses/strong/seed_00/candidates/cand_020_g02_m08/flow.png,phase2/outputs/phase2a_probe/add_black_sunglasses/strong/seed_00/candidates/cand_020_g02_m08/original.png,phase2/outputs/phase2a_probe/add_black_sunglasses/strong/seed_00/candidates/cand_020_g02_m08/original_edited.png,phase2/outputs/phase2a_probe/add_black_sunglasses/strong/seed_00/candidates/cand_020_g02_m08/perturbed.png,phase2/outputs/phase2a_probe/add_black_sunglasses/strong/seed_00/candidates/cand_020_g02_m08/perturbed_edited.png,0.03374183177947998,0.03374183177947998,phase2a_probe,0.15272888339776297,0.15272888339776297,"4*max(0,semantic_drop)+1*output_disruption-3*input_damage_penalty-1*geometry_excess_penalty",add black sunglasses,2,add_black_sunglasses,10,1,glasses,0.8651703596115112,23101,-0.0022589266300201416,4.0,True,0.9,4
phase2/outputs/phase2a_probe/add_black_sunglasses/strong/seed_00/candidates/cand_036_g03_m12,strong,6.0,phase2/outputs/phase2a_probe/add_black_sunglasses/strong/seed_00/candidates/cand_036_g03_m12,36,cand_036_g03_m12,0.03148290514945984,0.03148290514945984,True,-0.0018234550952911377,,"[[1, 0], [0, 1], [1, 1], [2, 0], [0, 2], [2, 1]]",metric_only_candidate,"['semantic_drop_nonpositive:-0.0018', 'semantic_drop_nonpositive:-0.0018']",0.0,5.0097705237567425,0.14934357293211392,3,0.0,1.0,region_local_mesh,False,False,0.0,3.0,0.024179058322901573,0.9058823585510254,0.004758089315146208,0.6207952499389647,32.33121234339349,0.9620795249938965,4.813621997833252,6.0,0.3058350682258606,12,4,0.14934357293211392,1.0,0.026866277773586338,0.6392157077789307,0.013227568008005619,31.415849986833283,0.9581215381622314,2.6426429748535156,phase2/outputs/phase2a_probe/add_black_sunglasses/strong/seed_00/candidates/cand_036_g03_m12/flow.png,phase2/outputs/phase2a_probe/add_black_sunglasses/strong/seed_00/candidates/cand_036_g03_m12/original.png,phase2/outputs/phase2a_probe/add_black_sunglasses/strong/seed_00/candidates/cand_036_g03_m12/original_edited.png,phase2/outputs/phase2a_probe/add_black_sunglasses/strong/seed_00/candidates/cand_036_g03_m12/perturbed.png,phase2/outputs/phase2a_probe/add_black_sunglasses/strong/seed_00/candidates/cand_036_g03_m12/perturbed_edited.png,0.03330636024475098,0.03330636024475098,phase2a_probe,0.14934357293211392,0.14934357293211392,"4*max(0,semantic_drop)+1*output_disruption-3*input_damage_penalty-1*geometry_excess_penalty",add black sunglasses,2,add_black_sunglasses,11,1,glasses,0.8186430931091309,23101,-0.0018234550952911377,4.0,True,0.9,4
phase2/outputs/phase2a_probe/add_black_sunglasses/strong/seed_00/candidates/cand_019_g02_m07,strong,6.0,phase2/outputs/phase2a_probe/add_black_sunglasses/strong/seed_00/candidates/cand_019_g02_m07,19,cand_019_g02_m07,0.03148290514945984,0.03148290514945984,True,-0.008332252502441406,,"[[1, 0], [0, 1], [1, 1], [2, 0], [0, 2], [2, 1]]",metric_only_candidate,"['semantic_drop_nonpositive:-0.0083', 'semantic_drop_nonpositive:-0.0083']",0.0,5.319088879972696,0.1490685210865964,2,0.0,1.0,combined_all,False,False,0.0,3.0,0.023261748675416007,0.8196078538894653,0.004367942456156015,0.6517950296401976,32.66715281576441,0.9651795029640198,4.895088195800781,6.0,0.2906756103038788,7,4,0.1490685210865964,1.0,0.02741288806602929,0.658823549747467,0.010141377337276936,31.240904145053786,0.9605830311775208,2.902751922607422,phase2/outputs/phase2a_probe/add_black_sunglasses/strong/seed_00/candidates/cand_019_g02_m07/flow.png,phase2/outputs/phase2a_probe/add_black_sunglasses/strong/seed_00/candidates/cand_019_g02_m07/original.png,phase2/outputs/phase2a_probe/add_black_sunglasses/strong/seed_00/candidates/cand_019_g02_m07/original_edited.png,phase2/outputs/phase2a_probe/add_black_sunglasses/strong/seed_00/candidates/cand_019_g02_m07/perturbed.png,phase2/outputs/phase2a_probe/add_black_sunglasses/strong/seed_00/candidates/cand_019_g02_m07/perturbed_edited.png,0.039815157651901245,0.039815157651901245,phase2a_probe,0.1490685210865964,0.1490685210865964,"4*max(0,semantic_drop)+1*output_disruption-3*input_damage_penalty-1*geometry_excess_penalty",add black sunglasses,2,add_black_sunglasses,12,1,glasses,0.886076807975769,23101,-0.008332252502441406,4.0,True,0.9,4
phase2/outputs/phase2a_probe/add_black_sunglasses/strong/seed_00/candidates/cand_017_g02_m05,strong,6.0,phase2/outputs/phase2a_probe/add_black_sunglasses/strong/seed_00/candidates/cand_017_g02_m05,17,cand_017_g02_m05,0.03148290514945984,0.03148290514945984,True,-0.0029531121253967285,,"[[1, 0], [0, 1], [1, 1], [2, 0], [0, 2], [2, 1]]",metric_only_candidate,"['semantic_drop_nonpositive:-0.0030', 'semantic_drop_nonpositive:-0.0030']",0.0,5.013820672407746,0.148698235570948,2,0.0,1.0,region_local_mesh,False,False,0.0,3.0,0.022077081151913657,0.929411768913269,0.004067494533956051,0.6749019622802733,33.121166919048896,0.9674901962280273,5.684622764587402,6.0,0.32110947370529175,5,4,0.148698235570948,1.0,0.027005365744124023,0.6235294342041016,0.012436795979738235,31.370998730492836,0.9593232274055481,2.8973019123077393,phase2/outputs/phase2a_probe/add_black_sunglasses/strong/seed_00/candidates/cand_017_g02_m05/flow.png,phase2/outputs/phase2a_probe/add_black_sunglasses/strong/seed_00/candidates/cand_017_g02_m05/original.png,phase2/outputs/phase2a_probe/add_black_sunglasses/strong/seed_00/candidates/cand_017_g02_m05/original_edited.png,phase2/outputs/phase2a_probe/add_black_sunglasses/strong/seed_00/candidates/cand_017_g02_m05/perturbed.png,phase2/outputs/phase2a_probe/add_black_sunglasses/strong/seed_00/candidates/cand_017_g02_m05/perturbed_edited.png,0.03443601727485657,0.03443601727485657,phase2a_probe,0.148698235570948,0.148698235570948,"4*max(0,semantic_drop)+1*output_disruption-3*input_damage_penalty-1*geometry_excess_penalty",add black sunglasses,2,add_black_sunglasses,13,1,glasses,0.9667725563049316,23101,-0.0029531121253967285,4.0,True,0.9,4
phase2/outputs/phase2a_probe/add_black_sunglasses/strong/seed_00/candidates/cand_033_g03_m09,strong,6.0,phase2/outputs/phase2a_probe/add_black_sunglasses/strong/seed_00/candidates/cand_033_g03_m09,33,cand_033_g03_m09,0.03148290514945984,0.03148290514945984,True,-0.0040315985679626465,,"[[1, 0], [0, 1], [1, 1], [2, 0], [0, 2], [2, 1]]",metric_only_candidate,"['semantic_drop_nonpositive:-0.0040', 'semantic_drop_nonpositive:-0.0040']",0.0,4.93664020858705,0.14139340884975737,3,0.0,1.0,region_local_dct,False,False,0.0,3.0,0.018525529682711345,0.7215686440467834,0.0036544303875416517,0.6908026933670043,34.644587316106254,0.9690802693367004,2.769190788269043,6.0,0.24307964742183685,9,4,0.14139340884975737,1.0,0.026455577630530167,0.5098039507865906,0.016029493883252144,31.549655033034895,0.9644289016723633,2.219226121902466,phase2/outputs/phase2a_probe/add_black_sunglasses/strong/seed_00/candidates/cand_033_g03_m09/flow.png,phase2/outputs/phase2a_probe/add_black_sunglasses/strong/seed_00/candidates/cand_033_g03_m09/original.png,phase2/outputs/phase2a_probe/add_black_sunglasses/strong/seed_00/candidates/cand_033_g03_m09/original_edited.png,phase2/outputs/phase2a_probe/add_black_sunglasses/strong/seed_00/candidates/cand_033_g03_m09/perturbed.png,phase2/outputs/phase2a_probe/add_black_sunglasses/strong/seed_00/candidates/cand_033_g03_m09/perturbed_edited.png,0.035514503717422485,0.035514503717422485,phase2a_probe,0.14139340884975737,0.14139340884975737,"4*max(0,semantic_drop)+1*output_disruption-3*input_damage_penalty-1*geometry_excess_penalty",add black sunglasses,2,add_black_sunglasses,14,1,glasses,0.8852721452713013,23101,-0.0040315985679626465,4.0,True,0.9,4
phase2/outputs/phase2a_probe/add_black_sunglasses/strong/seed_00/candidates/cand_007_g01_m07,strong,6.0,phase2/outputs/phase2a_probe/add_black_sunglasses/strong/seed_00/candidates/cand_007_g01_m07,7,cand_007_g01_m07,0.03148290514945984,0.03148290514945984,True,-0.003026425838470459,,"[[1, 0], [0, 1], [1, 1], [2, 0], [0, 2], [2, 1]]",metric_only_candidate,"['semantic_drop_nonpositive:-0.0030', 'semantic_drop_nonpositive:-0.0030']",0.0,5.504714580252767,0.137415383131328,1,0.0,1.0,region_local_mesh,False,False,0.0,3.0,0.015736710482146206,0.6039215922355652,0.0031467017251998186,0.7317415475845336,36.06172090174634,0.9731741547584534,2.6051371097564697,6.0,0.18030105531215668,7,4,0.137415383131328,1.0,0.025716968842104764,0.5215686559677124,0.016897141933441162,31.795604426250996,0.9654524922370911,1.6802031993865967,phase2/outputs/phase2a_probe/add_black_sunglasses/strong/seed_00/candidates/cand_007_g01_m07/flow.png,phase2/outputs/phase2a_probe/add_black_sunglasses/strong/seed_00/candidates/cand_007_g01_m07/original.png,phase2/outputs/phase2a_probe/add_black_sunglasses/strong/seed_00/candidates/cand_007_g01_m07/original_edited.png,phase2/outputs/phase2a_probe/add_black_sunglasses/strong/seed_00/candidates/cand_007_g01_m07/perturbed.png,phase2/outputs/phase2a_probe/add_black_sunglasses/strong/seed_00/candidates/cand_007_g01_m07/perturbed_edited.png,0.0345093309879303,0.0345093309879303,phase2a_probe,0.137415383131328,0.137415383131328,"4*max(0,semantic_drop)+1*output_disruption-3*input_damage_penalty-1*geometry_excess_penalty",add black sunglasses,2,add_black_sunglasses,15,1,glasses,0.44305047392845154,23101,-0.003026425838470459,4.0,True,0.9,4
phase2/outputs/phase2a_probe/add_black_sunglasses/strong/seed_00/candidates/cand_015_g02_m03,strong,6.0,phase2/outputs/phase2a_probe/add_black_sunglasses/strong/seed_00/candidates/cand_015_g02_m03,15,cand_015_g02_m03,0.03148290514945984,0.03148290514945984,True,-0.005847036838531494,,"[[1, 0], [0, 1], [1, 1], [2, 0], [0, 2], [2, 1]]",metric_only_candidate,"['semantic_drop_nonpositive:-0.0058', 'semantic_drop_nonpositive:-0.0058']",0.0,5.049563432112336,0.13732907509633652,2,0.0,1.0,region_local_mesh,False,False,0.0,3.0,0.026185170175487944,0.8392156958580017,0.005192765966057777,0.5870715379714965,31.63889198611092,0.9587071537971497,5.549871921539307,6.0,0.416856974363327,3,4,0.13732907509633652,1.0,0.0238960468168774,0.6941176652908325,0.006729207467287779,32.43347879076052,0.9582551121711731,3.833359956741333,phase2/outputs/phase2a_probe/add_black_sunglasses/strong/seed_00/candidates/cand_015_g02_m03/flow.png,phase2/outputs/phase2a_probe/add_black_sunglasses/strong/seed_00/candidates/cand_015_g02_m03/original.png,phase2/outputs/phase2a_probe/add_black_sunglasses/strong/seed_00/candidates/cand_015_g02_m03/original_edited.png,phase2/outputs/phase2a_probe/add_black_sunglasses/strong/seed_00/candidates/cand_015_g02_m03/perturbed.png,phase2/outputs/phase2a_probe/add_black_sunglasses/strong/seed_00/candidates/cand_015_g02_m03/perturbed_edited.png,0.03732994198799133,0.03732994198799133,phase2a_probe,0.13732907509633652,0.13732907509633652,"4*max(0,semantic_drop)+1*output_disruption-3*input_damage_penalty-1*geometry_excess_penalty",add black sunglasses,2,add_black_sunglasses,16,1,glasses,0.9438557624816895,23101,-0.005847036838531494,4.0,True,0.9,4
phase2/outputs/phase2a_probe/add_black_sunglasses/strong/seed_00/candidates/cand_021_g02_m09,strong,6.0,phase2/outputs/phase2a_probe/add_black_sunglasses/strong/seed_00/candidates/cand_021_g02_m09,21,cand_021_g02_m09,0.03148290514945984,0.03148290514945984,True,4.914402961730957e-05,,"[[1, 0], [0, 1], [1, 1], [2, 0], [0, 2], [2, 1]]",metric_only_candidate,"['semantic_drop_small:0.0000', 'semantic_drop_small:0.0000']",4.914402961730957e-05,5.221363872289658,0.13694881351348845,2,0.0,1.0,region_local_mesh,False,False,0.0,3.0,0.026506870760380236,0.886274516582489,0.005207216367125511,0.5994377136230468,31.53283078801227,0.9599437713623047,5.8028564453125,6.0,0.38665029406547546,9,4,0.1367522373950192,1.0,0.023918581385307232,0.572549045085907,0.009026541374623775,32.42529163982893,0.9589220881462097,3.396634578704834,phase2/outputs/phase2a_probe/add_black_sunglasses/strong/seed_00/candidates/cand_021_g02_m09/flow.png,phase2/outputs/phase2a_probe/add_black_sunglasses/strong/seed_00/candidates/cand_021_g02_m09/original.png,phase2/outputs/phase2a_probe/add_black_sunglasses/strong/seed_00/candidates/cand_021_g02_m09/original_edited.png,phase2/outputs/phase2a_probe/add_black_sunglasses/strong/seed_00/candidates/cand_021_g02_m09/perturbed.png,phase2/outputs/phase2a_probe/add_black_sunglasses/strong/seed_00/candidates/cand_021_g02_m09/perturbed_edited.png,0.03143376111984253,0.03143376111984253,phase2a_probe,0.13694881351348845,0.1367522373950192,"4*max(0,semantic_drop)+1*output_disruption-3*input_damage_penalty-1*geometry_excess_penalty",add black sunglasses,2,add_black_sunglasses,17,1,glasses,0.9868803024291992,23101,4.914402961730957e-05,4.0,True,0.9,4
phase2/outputs/phase2a_probe/add_black_sunglasses/strong/seed_00/candidates/cand_008_g01_m08,strong,6.0,phase2/outputs/phase2a_probe/add_black_sunglasses/strong/seed_00/candidates/cand_008_g01_m08,8,cand_008_g01_m08,0.03148290514945984,0.03148290514945984,True,-0.002995401620864868,,"[[1, 0], [0, 1], [1, 1], [2, 0], [0, 2], [2, 1]]",metric_only_candidate,"['semantic_drop_nonpositive:-0.0030', 'semantic_drop_nonpositive:-0.0030']",0.0,4.880459787324071,0.1254877731039472,1,0.0,1.0,combined_all,False,False,0.0,3.0,0.02173740762221509,0.843137264251709,0.004279950633645058,0.6508550643920897,33.25584501226074,0.965085506439209,5.483981132507324,6.0,0.3469254672527313,8,4,0.1254877731039472,1.0,0.021807007114945546,0.6352941393852234,0.005880353972315788,33.22807869452832,0.961740255355835,3.071995735168457,phase2/outputs/phase2a_probe/add_black_sunglasses/strong/seed_00/candidates/cand_008_g01_m08/flow.png,phase2/outputs/phase2a_probe/add_black_sunglasses/strong/seed_00/candidates/cand_008_g01_m08/original.png,phase2/outputs/phase2a_probe/add_black_sunglasses/strong/seed_00/candidates/cand_008_g01_m08/original_edited.png,phase2/outputs/phase2a_probe/add_black_sunglasses/strong/seed_00/candidates/cand_008_g01_m08/perturbed.png,phase2/outputs/phase2a_probe/add_black_sunglasses/strong/seed_00/candidates/cand_008_g01_m08/perturbed_edited.png,0.03447830677032471,0.03447830677032471,phase2a_probe,0.1254877731039472,0.1254877731039472,"4*max(0,semantic_drop)+1*output_disruption-3*input_damage_penalty-1*geometry_excess_penalty",add black sunglasses,2,add_black_sunglasses,18,1,glasses,0.9343926906585693,23101,-0.002995401620864868,4.0,True,0.9,4
phase2/outputs/phase2a_probe/add_black_sunglasses/strong/seed_00/candidates/cand_009_g01_m09,strong,6.0,phase2/outputs/phase2a_probe/add_black_sunglasses/strong/seed_00/candidates/cand_009_g01_m09,9,cand_009_g01_m09,0.03148290514945984,0.03148290514945984,True,-0.0011598467826843262,,"[[1, 0], [0, 1], [1, 1], [2, 0], [0, 2], [2, 1]]",metric_only_candidate,"['semantic_drop_nonpositive:-0.0012', 'semantic_drop_nonpositive:-0.0012']",0.0,4.885927794501185,0.12445474420770801,1,0.0,1.0,region_local_mesh,False,False,0.0,3.0,0.02404709272591265,0.8588235378265381,0.004542496986687183,0.6366089582443236,32.37874843937047,0.9636608958244324,4.13056755065918,6.0,0.3599795699119568,9,4,0.12445474420770801,1.0,0.021946134057603272,0.5960784554481506,0.007727624848484993,33.17283944494814,0.9633297920227051,3.362351655960083,phase2/outputs/phase2a_probe/add_black_sunglasses/strong/seed_00/candidates/cand_009_g01_m09/flow.png,phase2/outputs/phase2a_probe/add_black_sunglasses/strong/seed_00/candidates/cand_009_g01_m09/original.png,phase2/outputs/phase2a_probe/add_black_sunglasses/strong/seed_00/candidates/cand_009_g01_m09/original_edited.png,phase2/outputs/phase2a_probe/add_black_sunglasses/strong/seed_00/candidates/cand_009_g01_m09/perturbed.png,phase2/outputs/phase2a_probe/add_black_sunglasses/strong/seed_00/candidates/cand_009_g01_m09/perturbed_edited.png,0.032642751932144165,0.032642751932144165,phase2a_probe,0.12445474420770801,0.12445474420770801,"4*max(0,semantic_drop)+1*output_disruption-3*input_damage_penalty-1*geometry_excess_penalty",add black sunglasses,2,add_black_sunglasses,19,1,glasses,0.7024774551391602,23101,-0.0011598467826843262,4.0,True,0.9,4
phase2/outputs/phase2a_probe/add_black_sunglasses/strong/seed_00/candidates/cand_014_g02_m02,strong,6.0,phase2/outputs/phase2a_probe/add_black_sunglasses/strong/seed_00/candidates/cand_014_g02_m02,14,cand_014_g02_m02,0.03148290514945984,0.03148290514945984,True,-0.007267802953720093,,"[[1, 0], [0, 1], [1, 1], [2, 0], [0, 2], [2, 1]]",metric_only_candidate,"['semantic_drop_nonpositive:-0.0073', 'semantic_drop_nonpositive:-0.0073']",0.0,4.862013293430209,0.11371459417551458,2,0.0,1.0,combined_tps_dct,False,False,0.0,3.0,0.01409887957675713,0.7450980544090271,0.0028432009276002645,0.7568374872207642,37.016307978049575,0.9756837487220764,2.9341020584106445,6.0,0.18222664296627045,2,4,0.11371459417551458,1.0,0.02037288708738908,0.6235294342041016,0.00801112037152052,33.81894843592703,0.9677769541740417,1.7184861898422241,phase2/outputs/phase2a_probe/add_black_sunglasses/strong/seed_00/candidates/cand_014_g02_m02/flow.png,phase2/outputs/phase2a_probe/add_black_sunglasses/strong/seed_00/candidates/cand_014_g02_m02/original.png,phase2/outputs/phase2a_probe/add_black_sunglasses/strong/seed_00/candidates/cand_014_g02_m02/original_edited.png,phase2/outputs/phase2a_probe/add_black_sunglasses/strong/seed_00/candidates/cand_014_g02_m02/perturbed.png,phase2/outputs/phase2a_probe/add_black_sunglasses/strong/seed_00/candidates/cand_014_g02_m02/perturbed_edited.png,0.03875070810317993,0.03875070810317993,phase2a_probe,0.11371459417551458,0.11371459417551458,"4*max(0,semantic_drop)+1*output_disruption-3*input_damage_penalty-1*geometry_excess_penalty",add black sunglasses,2,add_black_sunglasses,20,1,glasses,0.5019956827163696,23101,-0.007267802953720093,4.0,True,0.9,4
phase2/outputs/phase2a_probe/add_black_sunglasses/strong/seed_00/candidates/cand_018_g02_m06,strong,6.0,phase2/outputs/phase2a_probe/add_black_sunglasses/strong/seed_00/candidates/cand_018_g02_m06,18,cand_018_g02_m06,0.03148290514945984,0.03148290514945984,True,-0.0017075538635253906,,"[[1, 0], [0, 1], [1, 1], [2, 0], [0, 2], [2, 1]]",metric_only_candidate,"['semantic_drop_nonpositive:-0.0017', 'semantic_drop_nonpositive:-0.0017']",0.0,5.125780927017331,0.11349740302020973,2,0.0,1.0,region_local_mesh,False,False,0.0,3.0,0.02043585912794403,0.8745098114013672,0.003962134476751089,0.6659368276596068,33.792141994690205,0.9665936827659607,3.5157177448272705,6.0,0.24634481966495514,6,4,0.11349740302020973,1.0,0.019545606462793217,0.5529412031173706,0.006513659376651049,34.17901699390724,0.9646850228309631,2.4197988510131836,phase2/outputs/phase2a_probe/add_black_sunglasses/strong/seed_00/candidates/cand_018_g02_m06/flow.png,phase2/outputs/phase2a_probe/add_black_sunglasses/strong/seed_00/candidates/cand_018_g02_m06/original.png,phase2/outputs/phase2a_probe/add_black_sunglasses/strong/seed_00/candidates/cand_018_g02_m06/original_edited.png,phase2/outputs/phase2a_probe/add_black_sunglasses/strong/seed_00/candidates/cand_018_g02_m06/perturbed.png,phase2/outputs/phase2a_probe/add_black_sunglasses/strong/seed_00/candidates/cand_018_g02_m06/perturbed_edited.png,0.03319045901298523,0.03319045901298523,phase2a_probe,0.11349740302020973,0.11349740302020973,"4*max(0,semantic_drop)+1*output_disruption-3*input_damage_penalty-1*geometry_excess_penalty",add black sunglasses,2,add_black_sunglasses,21,1,glasses,0.8259658813476562,23101,-0.0017075538635253906,4.0,True,0.9,4
phase2/outputs/phase2a_probe/add_black_sunglasses/strong/seed_00/candidates/cand_030_g03_m06,strong,6.0,phase2/outputs/phase2a_probe/add_black_sunglasses/strong/seed_00/candidates/cand_030_g03_m06,30,cand_030_g03_m06,0.03148290514945984,0.03148290514945984,True,-0.0013860762119293213,,"[[1, 0], [0, 1], [1, 1], [2, 0], [0, 2], [2, 1]]",metric_only_candidate,"['semantic_drop_nonpositive:-0.0014', 'semantic_drop_nonpositive:-0.0014']",0.0,4.941490281373262,0.11303818071154338,3,0.0,1.0,region_local_mesh,False,False,0.0,3.0,0.020201636920633727,0.8509804010391235,0.003994451370090246,0.6762347221374511,33.892268772655896,0.9676234722137451,3.752476215362549,6.0,0.25443965196609497,6,4,0.11303818071154338,1.0,0.0196553911871403,0.6235294342041016,0.00716329226270318,34.13036616613166,0.9655833840370178,2.4598796367645264,phase2/outputs/phase2a_probe/add_black_sunglasses/strong/seed_00/candidates/cand_030_g03_m06/flow.png,phase2/outputs/phase2a_probe/add_black_sunglasses/strong/seed_00/candidates/cand_030_g03_m06/original.png,phase2/outputs/phase2a_probe/add_black_sunglasses/strong/seed_00/candidates/cand_030_g03_m06/original_edited.png,phase2/outputs/phase2a_probe/add_black_sunglasses/strong/seed_00/candidates/cand_030_g03_m06/perturbed.png,phase2/outputs/phase2a_probe/add_black_sunglasses/strong/seed_00/candidates/cand_030_g03_m06/perturbed_edited.png,0.03286898136138916,0.03286898136138916,phase2a_probe,0.11303818071154338,0.11303818071154338,"4*max(0,semantic_drop)+1*output_disruption-3*input_damage_penalty-1*geometry_excess_penalty",add black sunglasses,2,add_black_sunglasses,22,1,glasses,0.858944296836853,23101,-0.0013860762119293213,4.0,True,0.9,4
phase2/outputs/phase2a_probe/add_black_sunglasses/strong/seed_00/candidates/cand_002_g01_m02,strong,6.0,phase2/outputs/phase2a_probe/add_black_sunglasses/strong/seed_00/candidates/cand_002_g01_m02,2,cand_002_g01_m02,0.03148290514945984,0.03148290514945984,True,-0.003429979085922241,,"[[1, 0], [0, 1], [1, 1], [2, 0], [0, 2], [2, 1]]",metric_only_candidate,"['semantic_drop_nonpositive:-0.0034', 'semantic_drop_nonpositive:-0.0034']",0.0,6.098134463652968,0.10309600906828295,1,0.0,1.0,region_local_tps,False,False,0.0,3.0,0.018354189043923556,0.8352941274642944,0.003712099278345704,0.6779984235763549,34.725295989508325,0.9677998423576355,3.334113121032715,6.0,0.23314154148101807,2,4,0.10309600906828295,1.0,0.0173347743284187,0.5254902243614197,0.005556643474847078,35.221636156079505,0.9662430882453918,1.9867223501205444,phase2/outputs/phase2a_probe/add_black_sunglasses/strong/seed_00/candidates/cand_002_g01_m02/flow.png,phase2/outputs/phase2a_probe/add_black_sunglasses/strong/seed_00/candidates/cand_002_g01_m02/original.png,phase2/outputs/phase2a_probe/add_black_sunglasses/strong/seed_00/candidates/cand_002_g01_m02/original_edited.png,phase2/outputs/phase2a_probe/add_black_sunglasses/strong/seed_00/candidates/cand_002_g01_m02/perturbed.png,phase2/outputs/phase2a_probe/add_black_sunglasses/strong/seed_00/candidates/cand_002_g01_m02/perturbed_edited.png,0.03491288423538208,0.03491288423538208,phase2a_probe,0.10309600906828295,0.10309600906828295,"4*max(0,semantic_drop)+1*output_disruption-3*input_damage_penalty-1*geometry_excess_penalty",add black sunglasses,2,add_black_sunglasses,23,1,glasses,0.5695391893386841,23101,-0.003429979085922241,4.0,True,0.9,4
phase2/outputs/phase2a_probe/add_black_sunglasses/strong/seed_00/candidates/cand_005_g01_m05,strong,6.0,phase2/outputs/phase2a_probe/add_black_sunglasses/strong/seed_00/candidates/cand_005_g01_m05,5,cand_005_g01_m05,0.03148290514945984,0.03148290514945984,True,-0.007130652666091919,,"[[1, 0], [0, 1], [1, 1], [2, 0], [0, 2], [2, 1]]",metric_only_candidate,"['semantic_drop_nonpositive:-0.0071', 'semantic_drop_nonpositive:-0.0071']",0.0,5.3367848843336105,0.10301571747262869,1,0.0,1.0,region_local_tps,False,False,0.0,3.0,0.015815334618633943,0.7450980544090271,0.0032138600945472717,0.7230201959609984,36.01843229818503,0.9723020195960999,1.9834131002426147,6.0,0.17295542359352112,5,4,0.10301571747262869,1.0,0.018065243116516853,0.5411764979362488,0.0066062770783901215,34.86312378908634,0.9692452549934387,1.549220323562622,phase2/outputs/phase2a_probe/add_black_sunglasses/strong/seed_00/candidates/cand_005_g01_m05/flow.png,phase2/outputs/phase2a_probe/add_black_sunglasses/strong/seed_00/candidates/cand_005_g01_m05/original.png,phase2/outputs/phase2a_probe/add_black_sunglasses/strong/seed_00/candidates/cand_005_g01_m05/original_edited.png,phase2/outputs/phase2a_probe/add_black_sunglasses/strong/seed_00/candidates/cand_005_g01_m05/perturbed.png,phase2/outputs/phase2a_probe/add_black_sunglasses/strong/seed_00/candidates/cand_005_g01_m05/perturbed_edited.png,0.03861355781555176,0.03861355781555176,phase2a_probe,0.10301571747262869,0.10301571747262869,"4*max(0,semantic_drop)+1*output_disruption-3*input_damage_penalty-1*geometry_excess_penalty",add black sunglasses,2,add_black_sunglasses,24,1,glasses,0.3373151421546936,23101,-0.007130652666091919,4.0,True,0.9,4
phase2/outputs/phase2a_probe/add_black_sunglasses/strong/seed_00/candidates/cand_013_g02_m01,strong,6.0,phase2/outputs/phase2a_probe/add_black_sunglasses/strong/seed_00/candidates/cand_013_g02_m01,13,cand_013_g02_m01,0.03148290514945984,0.03148290514945984,True,-0.00012159347534179688,,"[[1, 0], [0, 1], [1, 1], [2, 0], [0, 2], [2, 1]]",metric_only_candidate,"['semantic_drop_nonpositive:-0.0001', 'semantic_drop_nonpositive:-0.0001']",0.0,5.007200917229056,0.09949306699569323,2,0.0,1.0,region_local_mesh,False,False,0.0,3.0,0.01779376569794087,0.6666666865348816,0.0035094565246254206,0.7099018096923827,34.99464264734712,0.9709901809692383,3.6492998600006104,6.0,0.2047078013420105,1,4,0.09949306699569323,1.0,0.01711496227218533,0.5764706134796143,0.005919224116951227,35.332481077468955,0.9689667820930481,1.8854883909225464,phase2/outputs/phase2a_probe/add_black_sunglasses/strong/seed_00/candidates/cand_013_g02_m01/flow.png,phase2/outputs/phase2a_probe/add_black_sunglasses/strong/seed_00/candidates/cand_013_g02_m01/original.png,phase2/outputs/phase2a_probe/add_black_sunglasses/strong/seed_00/candidates/cand_013_g02_m01/original_edited.png,phase2/outputs/phase2a_probe/add_black_sunglasses/strong/seed_00/candidates/cand_013_g02_m01/perturbed.png,phase2/outputs/phase2a_probe/add_black_sunglasses/strong/seed_00/candidates/cand_013_g02_m01/perturbed_edited.png,0.031604498624801636,0.031604498624801636,phase2a_probe,0.09949306699569323,0.09949306699569323,"4*max(0,semantic_drop)+1*output_disruption-3*input_damage_penalty-1*geometry_excess_penalty",add black sunglasses,2,add_black_sunglasses,25,1,glasses,0.9324773550033569,23101,-0.00012159347534179688,4.0,True,0.9,4
phase2/outputs/phase2a_probe/add_black_sunglasses/strong/seed_00/candidates/cand_028_g03_m04,strong,6.0,phase2/outputs/phase2a_probe/add_black_sunglasses/strong/seed_00/candidates/cand_028_g03_m04,28,cand_028_g03_m04,0.03148290514945984,0.03148290514945984,True,-0.0015211999416351318,,"[[1, 0], [0, 1], [1, 1], [2, 0], [0, 2], [2, 1]]",metric_only_candidate,"['semantic_drop_nonpositive:-0.0015', 'semantic_drop_nonpositive:-0.0015']",0.0,5.117219036445022,0.09782437136881567,3,0.0,1.0,combined_all,False,False,0.0,3.0,0.011817066463832026,0.6274510025978088,0.002534824190661311,0.7770720720291138,38.54980643642515,0.9777072072029114,4.100528240203857,6.0,0.19910214841365814,4,4,0.09782437136881567,1.0,0.01695854378519708,0.43529412150382996,0.00932080578058958,35.41222885904544,0.9700098037719727,1.674970030784607,phase2/outputs/phase2a_probe/add_black_sunglasses/strong/seed_00/candidates/cand_028_g03_m04/flow.png,phase2/outputs/phase2a_probe/add_black_sunglasses/strong/seed_00/candidates/cand_028_g03_m04/original.png,phase2/outputs/phase2a_probe/add_black_sunglasses/strong/seed_00/candidates/cand_028_g03_m04/original_edited.png,phase2/outputs/phase2a_probe/add_black_sunglasses/strong/seed_00/candidates/cand_028_g03_m04/perturbed.png,phase2/outputs/phase2a_probe/add_black_sunglasses/strong/seed_00/candidates/cand_028_g03_m04/perturbed_edited.png,0.03300410509109497,0.03300410509109497,phase2a_probe,0.09782437136881567,0.09782437136881567,"4*max(0,semantic_drop)+1*output_disruption-3*input_damage_penalty-1*geometry_excess_penalty",add black sunglasses,2,add_black_sunglasses,26,1,glasses,0.854996919631958,23101,-0.0015211999416351318,4.0,True,0.9,4
phase2/outputs/phase2a_probe/add_black_sunglasses/strong/seed_00/candidates/cand_024_g02_m12,strong,6.0,phase2/outputs/phase2a_probe/add_black_sunglasses/strong/seed_00/candidates/cand_024_g02_m12,24,cand_024_g02_m12,0.03148290514945984,0.03148290514945984,True,-0.001960068941116333,,"[[1, 0], [0, 1], [1, 1], [2, 0], [0, 2], [2, 1]]",metric_only_candidate,"['semantic_drop_nonpositive:-0.0020', 'semantic_drop_nonpositive:-0.0020']",0.0,4.786703355610371,0.0977751870507088,2,0.0,1.0,region_local_dct,False,False,0.0,3.0,0.01719158829080377,0.5686274766921997,0.0032085997518152,0.7355574369430541,35.29367996007292,0.9735557436943054,3.733469247817993,6.0,0.20235449075698853,12,4,0.0977751870507088,1.0,0.017318657526227004,0.5215686559677124,0.005852436181157827,35.229715516059564,0.9714994430541992,1.761287808418274,phase2/outputs/phase2a_probe/add_black_sunglasses/strong/seed_00/candidates/cand_024_g02_m12/flow.png,phase2/outputs/phase2a_probe/add_black_sunglasses/strong/seed_00/candidates/cand_024_g02_m12/original.png,phase2/outputs/phase2a_probe/add_black_sunglasses/strong/seed_00/candidates/cand_024_g02_m12/original_edited.png,phase2/outputs/phase2a_probe/add_black_sunglasses/strong/seed_00/candidates/cand_024_g02_m12/perturbed.png,phase2/outputs/phase2a_probe/add_black_sunglasses/strong/seed_00/candidates/cand_024_g02_m12/perturbed_edited.png,0.03344297409057617,0.03344297409057617,phase2a_probe,0.0977751870507088,0.0977751870507088,"4*max(0,semantic_drop)+1*output_disruption-3*input_damage_penalty-1*geometry_excess_penalty",add black sunglasses,2,add_black_sunglasses,27,1,glasses,0.9686676263809204,23101,-0.001960068941116333,4.0,True,0.9,4
phase2/outputs/phase2a_probe/add_black_sunglasses/strong/seed_00/candidates/cand_023_g02_m11,strong,6.0,phase2/outputs/phase2a_probe/add_black_sunglasses/strong/seed_00/candidates/cand_023_g02_m11,23,cand_023_g02_m11,0.03148290514945984,0.03148290514945984,True,-0.002155303955078125,,"[[1, 0], [0, 1], [1, 1], [2, 0], [0, 2], [2, 1]]",metric_only_candidate,"['semantic_drop_nonpositive:-0.0022', 'semantic_drop_nonpositive:-0.0022']",0.0,4.988277422264218,0.09668106015144826,2,0.0,1.0,region_local_tps,False,False,0.0,3.0,0.016576071586240332,0.8470588326454163,0.003218921134248376,0.7219467163085936,35.61036772730482,0.9721946716308594,3.934784173965454,6.0,0.21106775104999542,11,4,0.09668106015144826,1.0,0.016131982643452884,0.5372549295425415,0.006089279893785715,35.84624507851116,0.9678468704223633,1.7720677852630615,phase2/outputs/phase2a_probe/add_black_sunglasses/strong/seed_00/candidates/cand_023_g02_m11/flow.png,phase2/outputs/phase2a_probe/add_black_sunglasses/strong/seed_00/candidates/cand_023_g02_m11/original.png,phase2/outputs/phase2a_probe/add_black_sunglasses/strong/seed_00/candidates/cand_023_g02_m11/original_edited.png,phase2/outputs/phase2a_probe/add_black_sunglasses/strong/seed_00/candidates/cand_023_g02_m11/perturbed.png,phase2/outputs/phase2a_probe/add_black_sunglasses/strong/seed_00/candidates/cand_023_g02_m11/perturbed_edited.png,0.033638209104537964,0.033638209104537964,phase2a_probe,0.09668106015144826,0.09668106015144826,"4*max(0,semantic_drop)+1*output_disruption-3*input_damage_penalty-1*geometry_excess_penalty",add black sunglasses,2,add_black_sunglasses,28,1,glasses,0.6706041097640991,23101,-0.002155303955078125,4.0,True,0.9,4
phase2/outputs/phase2a_probe/add_black_sunglasses/strong/seed_00/candidates/cand_003_g01_m03,strong,6.0,phase2/outputs/phase2a_probe/add_black_sunglasses/strong/seed_00/candidates/cand_003_g01_m03,3,cand_003_g01_m03,0.03148290514945984,0.03148290514945984,True,-0.0017874538898468018,,"[[1, 0], [0, 1], [1, 1], [2, 0], [0, 2], [2, 1]]",metric_only_candidate,"['semantic_drop_nonpositive:-0.0018', 'semantic_drop_nonpositive:-0.0018']",0.0,5.2122837863862514,0.0952323088702676,1,0.0,1.0,combined_tps_dct,False,False,0.0,3.0,0.01508218754306636,0.8745098114013672,0.0027594321873039007,0.77833092212677,36.43071326351341,0.977833092212677,3.47092604637146,6.0,0.18060290813446045,3,4,0.0952323088702676,1.0,0.016734555603492192,0.5607843399047852,0.006173586007207632,35.5277163222504,0.9717059135437012,1.6473251581192017,phase2/outputs/phase2a_probe/add_black_sunglasses/strong/seed_00/candidates/cand_003_g01_m03/flow.png,phase2/outputs/phase2a_probe/add_black_sunglasses/strong/seed_00/candidates/cand_003_g01_m03/original.png,phase2/outputs/phase2a_probe/add_black_sunglasses/strong/seed_00/candidates/cand_003_g01_m03/original_edited.png,phase2/outputs/phase2a_probe/add_black_sunglasses/strong/seed_00/candidates/cand_003_g01_m03/perturbed.png,phase2/outputs/phase2a_probe/add_black_sunglasses/strong/seed_00/candidates/cand_003_g01_m03/perturbed_edited.png,0.03327035903930664,0.03327035903930664,phase2a_probe,0.0952323088702676,0.0952323088702676,"4*max(0,semantic_drop)+1*output_disruption-3*input_damage_penalty-1*geometry_excess_penalty",add black sunglasses,2,add_black_sunglasses,29,1,glasses,0.8779916763305664,23101,-0.0017874538898468018,4.0,True,0.9,4
phase2/outputs/phase2a_probe/add_black_sunglasses/strong/seed_00/candidates/cand_012_g01_m12,strong,6.0,phase2/outputs/phase2a_probe/add_black_sunglasses/strong/seed_00/candidates/cand_012_g01_m12,12,cand_012_g01_m12,0.03148290514945984,0.03148290514945984,True,0.00011560320854187012,,"[[1, 0], [0, 1], [1, 1], [2, 0], [0, 2], [2, 1]]",metric_only_candidate,"['semantic_drop_small:0.0001', 'semantic_drop_small:0.0001']",0.00011560320854187012,5.337036367505789,0.09439141908147478,1,0.0,1.0,region_local_mesh,False,False,0.0,3.0,0.01704121124324721,0.9058823585510254,0.00326680694706738,0.7478055953979491,35.369990799879986,0.9747805595397949,3.1911814212799072,6.0,0.2109910547733307,12,4,0.0939290062473073,1.0,0.016607347525304912,0.529411792755127,0.005421434063464403,35.593994523894374,0.9725003838539124,1.9490609169006348,phase2/outputs/phase2a_probe/add_black_sunglasses/strong/seed_00/candidates/cand_012_g01_m12/flow.png,phase2/outputs/phase2a_probe/add_black_sunglasses/strong/seed_00/candidates/cand_012_g01_m12/original.png,phase2/outputs/phase2a_probe/add_black_sunglasses/strong/seed_00/candidates/cand_012_g01_m12/original_edited.png,phase2/outputs/phase2a_probe/add_black_sunglasses/strong/seed_00/candidates/cand_012_g01_m12/perturbed.png,phase2/outputs/phase2a_probe/add_black_sunglasses/strong/seed_00/candidates/cand_012_g01_m12/perturbed_edited.png,0.03136730194091797,0.03136730194091797,phase2a_probe,0.09439141908147478,0.0939290062473073,"4*max(0,semantic_drop)+1*output_disruption-3*input_damage_penalty-1*geometry_excess_penalty",add black sunglasses,2,add_black_sunglasses,30,1,glasses,0.5427178740501404,23101,0.00011560320854187012,4.0,True,0.9,4
phase2/outputs/phase2a_probe/add_black_sunglasses/strong/seed_00/candidates/cand_010_g01_m10,strong,6.0,phase2/outputs/phase2a_probe/add_black_sunglasses/strong/seed_00/candidates/cand_010_g01_m10,10,cand_010_g01_m10,0.03148290514945984,0.03148290514945984,True,-0.002633720636367798,,"[[1, 0], [0, 1], [1, 1], [2, 0], [0, 2], [2, 1]]",metric_only_candidate,"['semantic_drop_nonpositive:-0.0026', 'semantic_drop_nonpositive:-0.0026']",0.0,5.234002187848091,0.08796944748529044,1,0.0,1.0,region_local_dct,False,False,0.0,3.0,0.010930173798599898,0.7450980544090271,0.0020236994605511427,0.8624467849731445,39.227458647240525,0.9862446784973145,1.1891800165176392,6.0,0.0828651562333107,10,4,0.08796944748529044,1.0,0.016330755082687356,0.458823561668396,0.01028337050229311,35.73987468779793,0.977353572845459,0.7595198154449463,phase2/outputs/phase2a_probe/add_black_sunglasses/strong/seed_00/candidates/cand_010_g01_m10/flow.png,phase2/outputs/phase2a_probe/add_black_sunglasses/strong/seed_00/candidates/cand_010_g01_m10/original.png,phase2/outputs/phase2a_probe/add_black_sunglasses/strong/seed_00/candidates/cand_010_g01_m10/original_edited.png,phase2/outputs/phase2a_probe/add_black_sunglasses/strong/seed_00/candidates/cand_010_g01_m10/perturbed.png,phase2/outputs/phase2a_probe/add_black_sunglasses/strong/seed_00/candidates/cand_010_g01_m10/perturbed_edited.png,0.03411662578582764,0.03411662578582764,phase2a_probe,0.08796944748529044,0.08796944748529044,"4*max(0,semantic_drop)+1*output_disruption-3*input_damage_penalty-1*geometry_excess_penalty",add black sunglasses,2,add_black_sunglasses,31,1,glasses,0.38308894634246826,23101,-0.002633720636367798,4.0,True,0.9,4
phase2/outputs/phase2a_probe/add_black_sunglasses/strong/seed_00/candidates/cand_016_g02_m04,strong,6.0,phase2/outputs/phase2a_probe/add_black_sunglasses/strong/seed_00/candidates/cand_016_g02_m04,16,cand_016_g02_m04,0.03148290514945984,0.03148290514945984,True,-0.0017901062965393066,,"[[1, 0], [0, 1], [1, 1], [2, 0], [0, 2], [2, 1]]",metric_only_candidate,"['semantic_drop_nonpositive:-0.0018', 'semantic_drop_nonpositive:-0.0018']",0.0,5.148565301671624,0.07779718227645996,2,0.0,1.0,region_local_dct,False,False,0.0,3.0,0.013373605585656213,0.7333333492279053,0.00260505941696465,0.7936242818832397,37.47502978318138,0.979362428188324,1.3578429222106934,6.0,0.11957346647977829,4,4,0.07779718227645996,1.0,0.013356583285980531,0.4901960790157318,0.005022350698709488,37.48609246867649,0.9756291508674622,1.11198091506958,phase2/outputs/phase2a_probe/add_black_sunglasses/strong/seed_00/candidates/cand_016_g02_m04/flow.png,phase2/outputs/phase2a_probe/add_black_sunglasses/strong/seed_00/candidates/cand_016_g02_m04/original.png,phase2/outputs/phase2a_probe/add_black_sunglasses/strong/seed_00/candidates/cand_016_g02_m04/original_edited.png,phase2/outputs/phase2a_probe/add_black_sunglasses/strong/seed_00/candidates/cand_016_g02_m04/perturbed.png,phase2/outputs/phase2a_probe/add_black_sunglasses/strong/seed_00/candidates/cand_016_g02_m04/perturbed_edited.png,0.033273011445999146,0.033273011445999146,phase2a_probe,0.07779718227645996,0.07779718227645996,"4*max(0,semantic_drop)+1*output_disruption-3*input_damage_penalty-1*geometry_excess_penalty",add black sunglasses,2,add_black_sunglasses,32,1,glasses,0.7923250198364258,23101,-0.0017901062965393066,4.0,True,0.9,4
phase2/outputs/phase2a_probe/add_black_sunglasses/strong/seed_00/candidates/cand_006_g01_m06,strong,6.0,phase2/outputs/phase2a_probe/add_black_sunglasses/strong/seed_00/candidates/cand_006_g01_m06,6,cand_006_g01_m06,0.03148290514945984,0.03148290514945984,True,-0.0003330409526824951,,"[[1, 0], [0, 1], [1, 1], [2, 0], [0, 2], [2, 1]]",metric_only_candidate,"['semantic_drop_nonpositive:-0.0003', 'semantic_drop_nonpositive:-0.0003']",0.0,4.938372423872352,0.07195076751592486,1,0.0,1.0,region_local_mesh,False,False,0.0,3.0,0.010317478700215706,0.4941176474094391,0.002075240248814225,0.8359709978103638,39.728528380463956,0.9835970997810364,2.383486270904541,6.0,0.1141216978430748,6,4,0.07195076751592486,1.0,0.012565263628668409,0.35294121503829956,0.004884803202003241,38.01656790302797,0.9783102869987488,0.9521098136901855,phase2/outputs/phase2a_probe/add_black_sunglasses/strong/seed_00/candidates/cand_006_g01_m06/flow.png,phase2/outputs/phase2a_probe/add_black_sunglasses/strong/seed_00/candidates/cand_006_g01_m06/original.png,phase2/outputs/phase2a_probe/add_black_sunglasses/strong/seed_00/candidates/cand_006_g01_m06/original_edited.png,phase2/outputs/phase2a_probe/add_black_sunglasses/strong/seed_00/candidates/cand_006_g01_m06/perturbed.png,phase2/outputs/phase2a_probe/add_black_sunglasses/strong/seed_00/candidates/cand_006_g01_m06/perturbed_edited.png,0.031815946102142334,0.031815946102142334,phase2a_probe,0.07195076751592486,0.07195076751592486,"4*max(0,semantic_drop)+1*output_disruption-3*input_damage_penalty-1*geometry_excess_penalty",add black sunglasses,2,add_black_sunglasses,33,1,glasses,0.5552386045455933,23101,-0.0003330409526824951,4.0,True,0.9,4
phase2/outputs/phase2a_probe/add_black_sunglasses/strong/seed_00/candidates/cand_011_g01_m11,strong,6.0,phase2/outputs/phase2a_probe/add_black_sunglasses/strong/seed_00/candidates/cand_011_g01_m11,11,cand_011_g01_m11,0.03148290514945984,0.03148290514945984,True,-0.0017281174659729004,,"[[1, 0], [0, 1], [1, 1], [2, 0], [0, 2], [2, 1]]",metric_only_candidate,"['semantic_drop_nonpositive:-0.0017', 'semantic_drop_nonpositive:-0.0017']",0.0,4.924365073442459,0.07108164266333569,1,0.0,1.0,region_local_tps,False,False,0.0,3.0,0.012546654129778722,0.7882353067398071,0.0023819771595299244,0.8047041893005371,38.029441478413155,0.9804704189300537,2.1780850887298584,6.0,0.11342047899961472,11,4,0.07108164266333569,1.0,0.011941746959054443,0.3764705955982208,0.004502096679061651,38.45864271173768,0.9766853451728821,1.0997450351715088,phase2/outputs/phase2a_probe/add_black_sunglasses/strong/seed_00/candidates/cand_011_g01_m11/flow.png,phase2/outputs/phase2a_probe/add_black_sunglasses/strong/seed_00/candidates/cand_011_g01_m11/original.png,phase2/outputs/phase2a_probe/add_black_sunglasses/strong/seed_00/candidates/cand_011_g01_m11/original_edited.png,phase2/outputs/phase2a_probe/add_black_sunglasses/strong/seed_00/candidates/cand_011_g01_m11/perturbed.png,phase2/outputs/phase2a_probe/add_black_sunglasses/strong/seed_00/candidates/cand_011_g01_m11/perturbed_edited.png,0.03321102261543274,0.03321102261543274,phase2a_probe,0.07108164266333569,0.07108164266333569,"4*max(0,semantic_drop)+1*output_disruption-3*input_damage_penalty-1*geometry_excess_penalty",add black sunglasses,2,add_black_sunglasses,34,1,glasses,0.4589667022228241,23101,-0.0017281174659729004,4.0,True,0.9,4
phase2/outputs/phase2a_probe/add_black_sunglasses/strong/seed_00/candidates/cand_001_g01_m01,strong,6.0,phase2/outputs/phase2a_probe/add_black_sunglasses/strong/seed_00/candidates/cand_001_g01_m01,1,cand_001_g01_m01,0.03148290514945984,0.03148290514945984,True,-0.00024434924125671387,,"[[1, 0], [0, 1], [1, 1], [2, 0], [0, 2], [2, 1]]",metric_only_candidate,"['semantic_drop_nonpositive:-0.0002', 'semantic_drop_nonpositive:-0.0002']",0.0,5.462241152301431,0.07075985030070872,1,0.0,1.0,region_local_dct,False,False,0.0,3.0,0.011364689984577462,0.6117647290229797,0.0020485969725996256,0.8529607057571411,38.88884813643736,0.9852960705757141,1.0031936168670654,6.0,0.08530814945697784,1,4,0.07075985030070872,1.0,0.012025494763592706,0.3294117748737335,0.005461857188493013,38.39794092914025,0.9773421287536621,0.8169987797737122,phase2/outputs/phase2a_probe/add_black_sunglasses/strong/seed_00/candidates/cand_001_g01_m01/flow.png,phase2/outputs/phase2a_probe/add_black_sunglasses/strong/seed_00/candidates/cand_001_g01_m01/original.png,phase2/outputs/phase2a_probe/add_black_sunglasses/strong/seed_00/candidates/cand_001_g01_m01/original_edited.png,phase2/outputs/phase2a_probe/add_black_sunglasses/strong/seed_00/candidates/cand_001_g01_m01/perturbed.png,phase2/outputs/phase2a_probe/add_black_sunglasses/strong/seed_00/candidates/cand_001_g01_m01/perturbed_edited.png,0.03172725439071655,0.03172725439071655,phase2a_probe,0.07075985030070872,0.07075985030070872,"4*max(0,semantic_drop)+1*output_disruption-3*input_damage_penalty-1*geometry_excess_penalty",add black sunglasses,2,add_black_sunglasses,35,1,glasses,0.21824386715888977,23101,-0.00024434924125671387,4.0,True,0.9,4
phase2/outputs/phase2a_probe/add_black_sunglasses/strong/seed_00/candidates/cand_026_g03_m02,strong,6.0,phase2/outputs/phase2a_probe/add_black_sunglasses/strong/seed_00/candidates/cand_026_g03_m02,26,cand_026_g03_m02,0.03148290514945984,0.03148290514945984,True,-0.0026065707206726074,,"[[1, 0], [0, 1], [1, 1], [2, 0], [0, 2], [2, 1]]",metric_only_candidate,"['semantic_drop_nonpositive:-0.0026', 'semantic_drop_nonpositive:-0.0026']",0.0,4.933006372302771,0.06816878467633757,3,0.0,1.0,region_local_dct,False,False,0.0,3.0,0.00987976802833436,0.8705882430076599,0.001826771069318056,0.8639249801635742,40.10506504589327,0.9863924980163574,2.7049009799957275,6.0,0.09391960501670837,2,4,0.06816878467633757,1.0,0.011294326558297953,0.3529411852359772,0.004169797524809837,38.942793189045815,0.9770085215568542,0.6847806572914124,phase2/outputs/phase2a_probe/add_black_sunglasses/strong/seed_00/candidates/cand_026_g03_m02/flow.png,phase2/outputs/phase2a_probe/add_black_sunglasses/strong/seed_00/candidates/cand_026_g03_m02/original.png,phase2/outputs/phase2a_probe/add_black_sunglasses/strong/seed_00/candidates/cand_026_g03_m02/original_edited.png,phase2/outputs/phase2a_probe/add_black_sunglasses/strong/seed_00/candidates/cand_026_g03_m02/perturbed.png,phase2/outputs/phase2a_probe/add_black_sunglasses/strong/seed_00/candidates/cand_026_g03_m02/perturbed_edited.png,0.034089475870132446,0.034089475870132446,phase2a_probe,0.06816878467633757,0.06816878467633757,"4*max(0,semantic_drop)+1*output_disruption-3*input_damage_penalty-1*geometry_excess_penalty",add black sunglasses,2,add_black_sunglasses,36,1,glasses,0.8559541702270508,23101,-0.0026065707206726074,4.0,True,0.9,4
phase2/outputs/phase2a_probe/add_black_sunglasses/strong/seed_00/candidates/cand_000_initial,strong,6.0,phase2/outputs/phase2a_probe/add_black_sunglasses/strong/seed_00/candidates/cand_000_initial,0,cand_000_initial,0.03148290514945984,0.03148290514945984,True,-0.000280916690826416,,"[[1, 0], [0, 1], [1, 1], [2, 0], [0, 2], [2, 1]]",metric_only_candidate,"['semantic_drop_nonpositive:-0.0003', 'semantic_drop_nonpositive:-0.0003']",0.0,5.086635779589415,0.009611583027250417,0,0.0,1.0,combined_tps_dct,False,True,0.0,3.0,0.0,0.0,0.0,1.0,100.0,1.0,0.0,6.0,0.0,0,4,0.009611583027250417,1.0,0.001959437199683698,0.03921569883823395,0.0009059134754352272,54.15737302358889,0.9982261657714844,0.0,phase2/outputs/phase2a_probe/add_black_sunglasses/strong/seed_00/candidates/cand_000_initial/flow.png,phase2/outputs/phase2a_probe/add_black_sunglasses/strong/seed_00/candidates/cand_000_initial/original.png,phase2/outputs/phase2a_probe/add_black_sunglasses/strong/seed_00/candidates/cand_000_initial/original_edited.png,phase2/outputs/phase2a_probe/add_black_sunglasses/strong/seed_00/candidates/cand_000_initial/perturbed.png,phase2/outputs/phase2a_probe/add_black_sunglasses/strong/seed_00/candidates/cand_000_initial/perturbed_edited.png,0.031763821840286255,0.031763821840286255,phase2a_probe,0.009611583027250417,0.009611583027250417,"4*max(0,semantic_drop)+1*output_disruption-3*input_damage_penalty-1*geometry_excess_penalty",add black sunglasses,2,add_black_sunglasses,37,1,glasses,0.5750000476837158,23101,-0.000280916690826416,4.0,True,0.9,4
