best_folder,budget,budget_max_disp_px,candidate_folder,candidate_index,candidate_name,case_id,clean_clip_positive_margin,clean_discovery_margin,clean_output_path,clean_semantic_success_score,clip_available,clip_semantic_drop,clip_warning,crop_clip_available,crop_clip_warning,dct_modes,decision_label,decision_reasons,edit_failure_score,elapsed_seconds,face_id,final_attack_score,full_image_semantic_drop,generation,geometry_excess_penalty,geometry_excess_penalty_weight,geometry_method,guidance_scale,identity_or_face_health_available,image_guidance_scale,image_path,initial_candidate,input_damage_penalty,input_damage_penalty_weight,input_l2,input_max_abs,input_mean_abs,input_preservation_score,input_psnr,input_ssim,left_crop_clean_margin,left_crop_perturbed_margin,left_crop_semantic_drop,max_disp_px,max_disp_px_budget,mean_crop_margin,mean_crop_semantic_drop,mean_disp_px,member,mesh_size,min_crop_margin,min_crop_semantic_drop,output_disruption_score,output_disruption_weight,output_l2,output_max_abs,output_mean_abs,output_psnr,output_ssim,p95_disp_px,path_flow,path_original,path_original_edited,path_perturbed,path_perturbed_edited,perturbed_clip_positive_margin,perturbed_semantic_success_score,phase,phase2_final_score,phase2_output_disruption,phase2_score_formula,phase3_final_score,prompt,prompt_priority,prompt_slug,prompt_type,rank,region_count,region_key,right_crop_clean_margin,right_crop_perturbed_margin,right_crop_semantic_drop,scale_factor,seed,semantic_drop,semantic_drop_weight,target_input_ssim,top_crop_clean_margin,top_crop_perturbed_margin,top_crop_semantic_drop,tps_size
phase3/outputs/breadth_probe/cases/face_002/igs_1p00/add_a_hoodie/strong/seed_00/candidates/cand_012_g02_m04,strong,6.0,phase3/outputs/breadth_probe/cases/face_002/igs_1p00/add_a_hoodie/strong/seed_00/candidates/cand_012_g02_m04,12,cand_012_g02_m04,face_002__add_a_hoodie__igs_1p00,0.04749709367752075,0.04749709367752075,phase3/outputs/clean_discovery/cases/face_002/add_a_hoodie/igs_1p00/clean_edit.png,0.04749709367752075,True,0.002495884895324707,,False,,"[[1, 0], [0, 1], [1, 1], [2, 0], [0, 2], [2, 1]]",metric_only_candidate,"['semantic_drop_small:0.0025', 'semantic_drop_small:0.0025']",0.002495884895324707,4.692705415189266,face_002,0.5695753345755132,0.002495884895324707,2,0.0,1.0,region_local_tps,7.5,False,1.0,data/face_002/instruct_512.png,False,0.0,3.0,0.023527939469536588,0.5843137502670288,0.007193068042397499,0.2800348997116087,32.568322116228565,0.9280034899711609,,,,5.103932857513428,6.0,,,0.5982917547225952,4,4,,,0.5595917949942144,1.0,0.0959695639676698,0.8745098114013672,0.045679379254579544,20.357329567687273,0.8242864608764648,4.001515865325928,phase3/outputs/breadth_probe/cases/face_002/igs_1p00/add_a_hoodie/strong/seed_00/candidates/cand_012_g02_m04/flow.png,phase3/outputs/breadth_probe/cases/face_002/igs_1p00/add_a_hoodie/strong/seed_00/candidates/cand_012_g02_m04/original.png,phase3/outputs/breadth_probe/cases/face_002/igs_1p00/add_a_hoodie/strong/seed_00/candidates/cand_012_g02_m04/original_edited.png,phase3/outputs/breadth_probe/cases/face_002/igs_1p00/add_a_hoodie/strong/seed_00/candidates/cand_012_g02_m04/perturbed.png,phase3/outputs/breadth_probe/cases/face_002/igs_1p00/add_a_hoodie/strong/seed_00/candidates/cand_012_g02_m04/perturbed_edited.png,0.045001208782196045,0.045001208782196045,phase3_breadth_probe,0.5695753345755132,0.5595917949942144,"4.0*max(0,semantic_drop)+1.0*output_disruption-3.0*input_damage_penalty-1.0*geometry_excess_penalty",0.5695753345755132,add a hoodie,7,add_a_hoodie,clothing,1,1,clothing,,,,0.8935191631317139,36101,0.002495884895324707,4.0,0.9,,,,4
phase3/outputs/breadth_probe/cases/face_002/igs_1p00/add_a_hoodie/strong/seed_00/candidates/cand_013_g02_m05,strong,6.0,phase3/outputs/breadth_probe/cases/face_002/igs_1p00/add_a_hoodie/strong/seed_00/candidates/cand_013_g02_m05,13,cand_013_g02_m05,face_002__add_a_hoodie__igs_1p00,0.04749709367752075,0.04749709367752075,phase3/outputs/clean_discovery/cases/face_002/add_a_hoodie/igs_1p00/clean_edit.png,0.04749709367752075,True,0.002452164888381958,,False,,"[[1, 0], [0, 1], [1, 1], [2, 0], [0, 2], [2, 1]]",metric_only_candidate,"['semantic_drop_small:0.0025', 'semantic_drop_small:0.0025']",0.002452164888381958,4.7446376252919436,face_002,0.5364491619976082,0.002452164888381958,2,0.0,1.0,combined_tps_dct,7.5,False,1.0,data/face_002/instruct_512.png,False,0.0,3.0,0.021464443579450203,0.38431376218795776,0.007225740235298872,0.2408484220504759,33.36560730419074,0.9240848422050476,,,,3.871800661087036,6.0,,,0.5899806618690491,5,4,,,0.5266405024440803,1.0,0.08940956687707996,0.8666666746139526,0.04266445338726044,20.972320178973895,0.8309977650642395,3.2448041439056396,phase3/outputs/breadth_probe/cases/face_002/igs_1p00/add_a_hoodie/strong/seed_00/candidates/cand_013_g02_m05/flow.png,phase3/outputs/breadth_probe/cases/face_002/igs_1p00/add_a_hoodie/strong/seed_00/candidates/cand_013_g02_m05/original.png,phase3/outputs/breadth_probe/cases/face_002/igs_1p00/add_a_hoodie/strong/seed_00/candidates/cand_013_g02_m05/original_edited.png,phase3/outputs/breadth_probe/cases/face_002/igs_1p00/add_a_hoodie/strong/seed_00/candidates/cand_013_g02_m05/perturbed.png,phase3/outputs/breadth_probe/cases/face_002/igs_1p00/add_a_hoodie/strong/seed_00/candidates/cand_013_g02_m05/perturbed_edited.png,0.045044928789138794,0.045044928789138794,phase3_breadth_probe,0.5364491619976082,0.5266405024440803,"4.0*max(0,semantic_drop)+1.0*output_disruption-3.0*input_damage_penalty-1.0*geometry_excess_penalty",0.5364491619976082,add a hoodie,7,add_a_hoodie,clothing,2,1,clothing,,,,0.9055187702178955,36101,0.002452164888381958,4.0,0.9,,,,4
phase3/outputs/breadth_probe/cases/face_002/igs_1p00/add_a_hoodie/strong/seed_00/candidates/cand_003_g01_m03,strong,6.0,phase3/outputs/breadth_probe/cases/face_002/igs_1p00/add_a_hoodie/strong/seed_00/candidates/cand_003_g01_m03,3,cand_003_g01_m03,face_002__add_a_hoodie__igs_1p00,0.04749709367752075,0.04749709367752075,phase3/outputs/clean_discovery/cases/face_002/add_a_hoodie/igs_1p00/clean_edit.png,0.04749709367752075,True,0.0025554895401000977,,False,,"[[1, 0], [0, 1], [1, 1], [2, 0], [0, 2], [2, 1]]",metric_only_candidate,"['semantic_drop_small:0.0026', 'semantic_drop_small:0.0026']",0.0025554895401000977,4.737570641562343,face_002,0.45550648344458716,0.0025554895401000977,1,0.0,1.0,region_local_tps,7.5,False,1.0,data/face_002/instruct_512.png,False,0.0,3.0,0.02125236354005102,0.5529412031173706,0.006132922600954771,0.3853306770324706,33.451855274324,0.9385330677032471,,,,5.383947849273682,6.0,,,0.45888304710388184,3,4,,,0.44528452528418677,1.0,0.080319369765375,0.8705882430076599,0.0351460799574852,21.90359415848654,0.8759929537773132,3.1365654468536377,phase3/outputs/breadth_probe/cases/face_002/igs_1p00/add_a_hoodie/strong/seed_00/candidates/cand_003_g01_m03/flow.png,phase3/outputs/breadth_probe/cases/face_002/igs_1p00/add_a_hoodie/strong/seed_00/candidates/cand_003_g01_m03/original.png,phase3/outputs/breadth_probe/cases/face_002/igs_1p00/add_a_hoodie/strong/seed_00/candidates/cand_003_g01_m03/original_edited.png,phase3/outputs/breadth_probe/cases/face_002/igs_1p00/add_a_hoodie/strong/seed_00/candidates/cand_003_g01_m03/perturbed.png,phase3/outputs/breadth_probe/cases/face_002/igs_1p00/add_a_hoodie/strong/seed_00/candidates/cand_003_g01_m03/perturbed_edited.png,0.044941604137420654,0.044941604137420654,phase3_breadth_probe,0.45550648344458716,0.44528452528418677,"4.0*max(0,semantic_drop)+1.0*output_disruption-3.0*input_damage_penalty-1.0*geometry_excess_penalty",0.45550648344458716,add a hoodie,7,add_a_hoodie,clothing,3,1,clothing,,,,0.9424071311950684,36101,0.0025554895401000977,4.0,0.9,,,,4
phase3/outputs/breadth_probe/cases/face_002/igs_1p00/add_a_hoodie/strong/seed_00/candidates/cand_016_g02_m08,strong,6.0,phase3/outputs/breadth_probe/cases/face_002/igs_1p00/add_a_hoodie/strong/seed_00/candidates/cand_016_g02_m08,16,cand_016_g02_m08,face_002__add_a_hoodie__igs_1p00,0.04749709367752075,0.04749709367752075,phase3/outputs/clean_discovery/cases/face_002/add_a_hoodie/igs_1p00/clean_edit.png,0.04749709367752075,True,0.003298342227935791,,False,,"[[1, 0], [0, 1], [1, 1], [2, 0], [0, 2], [2, 1]]",metric_only_candidate,"['semantic_drop_small:0.0033', 'semantic_drop_small:0.0033']",0.003298342227935791,4.7552823182195425,face_002,0.447348775249467,0.003298342227935791,2,0.0,1.0,region_local_tps,7.5,False,1.0,data/face_002/instruct_512.png,False,0.0,3.0,0.01846323880253004,0.4235294461250305,0.005578842479735613,0.4712686538696288,34.673842262639944,0.9471268653869629,,,,4.544765949249268,6.0,,,0.4173547327518463,8,4,,,0.4341554063377238,1.0,0.0756361935987437,0.8352941274642944,0.03355448320508003,22.42540670406429,0.868389368057251,2.6570489406585693,phase3/outputs/breadth_probe/cases/face_002/igs_1p00/add_a_hoodie/strong/seed_00/candidates/cand_016_g02_m08/flow.png,phase3/outputs/breadth_probe/cases/face_002/igs_1p00/add_a_hoodie/strong/seed_00/candidates/cand_016_g02_m08/original.png,phase3/outputs/breadth_probe/cases/face_002/igs_1p00/add_a_hoodie/strong/seed_00/candidates/cand_016_g02_m08/original_edited.png,phase3/outputs/breadth_probe/cases/face_002/igs_1p00/add_a_hoodie/strong/seed_00/candidates/cand_016_g02_m08/perturbed.png,phase3/outputs/breadth_probe/cases/face_002/igs_1p00/add_a_hoodie/strong/seed_00/candidates/cand_016_g02_m08/perturbed_edited.png,0.04419875144958496,0.04419875144958496,phase3_breadth_probe,0.447348775249467,0.4341554063377238,"4.0*max(0,semantic_drop)+1.0*output_disruption-3.0*input_damage_penalty-1.0*geometry_excess_penalty",0.447348775249467,add a hoodie,7,add_a_hoodie,clothing,4,1,clothing,,,,0.9274141788482666,36101,0.003298342227935791,4.0,0.9,,,,4
phase3/outputs/breadth_probe/cases/face_002/igs_1p00/add_a_hoodie/strong/seed_00/candidates/cand_014_g02_m06,strong,6.0,phase3/outputs/breadth_probe/cases/face_002/igs_1p00/add_a_hoodie/strong/seed_00/candidates/cand_014_g02_m06,14,cand_014_g02_m06,face_002__add_a_hoodie__igs_1p00,0.04749709367752075,0.04749709367752075,phase3/outputs/clean_discovery/cases/face_002/add_a_hoodie/igs_1p00/clean_edit.png,0.04749709367752075,True,0.003214716911315918,,False,,"[[1, 0], [0, 1], [1, 1], [2, 0], [0, 2], [2, 1]]",metric_only_candidate,"['semantic_drop_small:0.0032', 'semantic_drop_small:0.0032']",0.003214716911315918,4.780188623815775,face_002,0.44104829955980457,0.003214716911315918,2,0.0,1.0,combined_tps_dct,7.5,False,1.0,data/face_002/instruct_512.png,False,0.0,3.0,0.023579714864471402,0.46274513006210327,0.00751617131754756,0.21561956405639632,32.54922901750339,0.9215619564056396,,,,5.531618595123291,6.0,,,0.6830525398254395,6,4,,,0.4281894319145409,1.0,0.07408980411510983,0.8078431487083435,0.03420722484588623,22.604831068811055,0.8681697845458984,3.8901383876800537,phase3/outputs/breadth_probe/cases/face_002/igs_1p00/add_a_hoodie/strong/seed_00/candidates/cand_014_g02_m06/flow.png,phase3/outputs/breadth_probe/cases/face_002/igs_1p00/add_a_hoodie/strong/seed_00/candidates/cand_014_g02_m06/original.png,phase3/outputs/breadth_probe/cases/face_002/igs_1p00/add_a_hoodie/strong/seed_00/candidates/cand_014_g02_m06/original_edited.png,phase3/outputs/breadth_probe/cases/face_002/igs_1p00/add_a_hoodie/strong/seed_00/candidates/cand_014_g02_m06/perturbed.png,phase3/outputs/breadth_probe/cases/face_002/igs_1p00/add_a_hoodie/strong/seed_00/candidates/cand_014_g02_m06/perturbed_edited.png,0.044282376766204834,0.044282376766204834,phase3_breadth_probe,0.44104829955980457,0.4281894319145409,"4.0*max(0,semantic_drop)+1.0*output_disruption-3.0*input_damage_penalty-1.0*geometry_excess_penalty",0.44104829955980457,add a hoodie,7,add_a_hoodie,clothing,5,1,clothing,,,,0.9407514333724976,36101,0.003214716911315918,4.0,0.9,,,,4
phase3/outputs/breadth_probe/cases/face_002/igs_1p00/add_a_hoodie/strong/seed_00/candidates/cand_008_g01_m08,strong,6.0,phase3/outputs/breadth_probe/cases/face_002/igs_1p00/add_a_hoodie/strong/seed_00/candidates/cand_008_g01_m08,8,cand_008_g01_m08,face_002__add_a_hoodie__igs_1p00,0.04749709367752075,0.04749709367752075,phase3/outputs/clean_discovery/cases/face_002/add_a_hoodie/igs_1p00/clean_edit.png,0.04749709367752075,True,0.0019906163215637207,,False,,"[[1, 0], [0, 1], [1, 1], [2, 0], [0, 2], [2, 1]]",metric_only_candidate,"['semantic_drop_small:0.0020', 'semantic_drop_small:0.0020']",0.0019906163215637207,4.720687948167324,face_002,0.40846843189372156,0.0019906163215637207,1,0.0,1.0,combined_all,7.5,False,1.0,data/face_002/instruct_512.png,False,0.0,3.0,0.018889790003445806,0.33725491166114807,0.005599592346698046,0.4490796327590941,34.47545740149095,0.9449079632759094,,,,4.7121686935424805,6.0,,,0.3997748792171478,8,4,,,0.4005059666074667,1.0,0.06913697885069632,0.8392156958580017,0.031892795115709305,23.205792043786204,0.8760419487953186,2.5722734928131104,phase3/outputs/breadth_probe/cases/face_002/igs_1p00/add_a_hoodie/strong/seed_00/candidates/cand_008_g01_m08/flow.png,phase3/outputs/breadth_probe/cases/face_002/igs_1p00/add_a_hoodie/strong/seed_00/candidates/cand_008_g01_m08/original.png,phase3/outputs/breadth_probe/cases/face_002/igs_1p00/add_a_hoodie/strong/seed_00/candidates/cand_008_g01_m08/original_edited.png,phase3/outputs/breadth_probe/cases/face_002/igs_1p00/add_a_hoodie/strong/seed_00/candidates/cand_008_g01_m08/perturbed.png,phase3/outputs/breadth_probe/cases/face_002/igs_1p00/add_a_hoodie/strong/seed_00/candidates/cand_008_g01_m08/perturbed_edited.png,0.04550647735595703,0.04550647735595703,phase3_breadth_probe,0.40846843189372156,0.4005059666074667,"4.0*max(0,semantic_drop)+1.0*output_disruption-3.0*input_damage_penalty-1.0*geometry_excess_penalty",0.40846843189372156,add a hoodie,7,add_a_hoodie,clothing,6,1,clothing,,,,0.8185402154922485,36101,0.0019906163215637207,4.0,0.9,,,,4
phase3/outputs/breadth_probe/cases/face_008/igs_1p00/add_headphones/strong/seed_00/candidates/cand_010_g02_m02,strong,6.0,phase3/outputs/breadth_probe/cases/face_008/igs_1p00/add_headphones/strong/seed_00/candidates/cand_010_g02_m02,10,cand_010_g02_m02,face_008__add_headphones__igs_1p00,0.045426785945892334,0.045426785945892334,phase3/outputs/clean_discovery/cases/face_008/add_headphones/igs_1p00/clean_edit.png,0.045426785945892334,True,0.0012944936752319336,,True,,"[[1, 0], [0, 1], [1, 1], [2, 0], [0, 2], [2, 1]]",metric_only_candidate,"['semantic_drop_small:0.0013', 'semantic_drop_small:0.0013']",0.0012944936752319336,4.676203854382038,face_008,0.3966601071085436,0.0012944936752319336,2,0.0,1.0,region_local_mesh,7.5,False,1.0,data/face_008/instruct_512.png,False,0.0,3.0,0.026862516345435843,0.529411792755127,0.008273639716207981,0.25446331501007063,31.417066144775625,0.9254463315010071,0.012075066566467285,0.010396599769592285,0.001678466796875,5.055469512939453,6.0,0.003783881664276123,0.003813172380129496,0.6102581024169922,2,4,-0.013388961553573608,0.001678466796875,0.39148213240761587,1.0,0.06695999645506101,0.8823529481887817,0.02888283133506775,23.483691560136872,0.8763578534126282,3.425722122192383,phase3/outputs/breadth_probe/cases/face_008/igs_1p00/add_headphones/strong/seed_00/candidates/cand_010_g02_m02/flow.png,phase3/outputs/breadth_probe/cases/face_008/igs_1p00/add_headphones/strong/seed_00/candidates/cand_010_g02_m02/original.png,phase3/outputs/breadth_probe/cases/face_008/igs_1p00/add_headphones/strong/seed_00/candidates/cand_010_g02_m02/original_edited.png,phase3/outputs/breadth_probe/cases/face_008/igs_1p00/add_headphones/strong/seed_00/candidates/cand_010_g02_m02/perturbed.png,phase3/outputs/breadth_probe/cases/face_008/igs_1p00/add_headphones/strong/seed_00/candidates/cand_010_g02_m02/perturbed_edited.png,0.0441322922706604,0.0441322922706604,phase3_breadth_probe,0.3966601071085436,0.39148213240761587,"4.0*max(0,semantic_drop)+1.0*output_disruption-3.0*input_damage_penalty-1.0*geometry_excess_penalty",0.3966601071085436,add headphones,1,add_headphones,headphones,1,3,headphones,0.018729060888290405,0.014344006776809692,0.004385054111480713,0.8597736358642578,53101,0.0012944936752319336,4.0,0.9,-0.008012965321540833,-0.013388961553573608,0.005375996232032776,4
phase3/outputs/breadth_probe/cases/face_008/igs_1p00/add_headphones/strong/seed_00/candidates/cand_011_g02_m03,strong,6.0,phase3/outputs/breadth_probe/cases/face_008/igs_1p00/add_headphones/strong/seed_00/candidates/cand_011_g02_m03,11,cand_011_g02_m03,face_008__add_headphones__igs_1p00,0.045426785945892334,0.045426785945892334,phase3/outputs/clean_discovery/cases/face_008/add_headphones/igs_1p00/clean_edit.png,0.045426785945892334,True,0.0017263591289520264,,True,,"[[1, 0], [0, 1], [1, 1], [2, 0], [0, 2], [2, 1]]",metric_only_candidate,"['semantic_drop_small:0.0017', 'semantic_drop_small:0.0017']",0.0017263591289520264,4.799376018345356,face_008,0.3888791911772513,0.0017263591289520264,2,0.0,1.0,region_local_dct,7.5,False,1.0,data/face_008/instruct_512.png,False,0.0,3.0,0.030161426387443162,0.5215686559677124,0.00950267631560564,0.09777104854583721,30.41096247517828,0.9097771048545837,0.012075066566467285,0.010871976613998413,0.001203089952468872,4.00953483581543,6.0,0.005481208364168803,0.0021158456802368164,0.7844656109809875,3,4,-0.009572580456733704,0.001203089952468872,0.3819737546614432,1.0,0.06659306866356789,0.8274509906768799,0.026419036090373993,23.531419439963244,0.8843985199928284,3.1318883895874023,phase3/outputs/breadth_probe/cases/face_008/igs_1p00/add_headphones/strong/seed_00/candidates/cand_011_g02_m03/flow.png,phase3/outputs/breadth_probe/cases/face_008/igs_1p00/add_headphones/strong/seed_00/candidates/cand_011_g02_m03/original.png,phase3/outputs/breadth_probe/cases/face_008/igs_1p00/add_headphones/strong/seed_00/candidates/cand_011_g02_m03/original_edited.png,phase3/outputs/breadth_probe/cases/face_008/igs_1p00/add_headphones/strong/seed_00/candidates/cand_011_g02_m03/perturbed.png,phase3/outputs/breadth_probe/cases/face_008/igs_1p00/add_headphones/strong/seed_00/candidates/cand_011_g02_m03/perturbed_edited.png,0.04370042681694031,0.04370042681694031,phase3_breadth_probe,0.3888791911772513,0.3819737546614432,"4.0*max(0,semantic_drop)+1.0*output_disruption-3.0*input_damage_penalty-1.0*geometry_excess_penalty",0.3888791911772513,add headphones,1,add_headphones,headphones,2,3,headphones,0.018729060888290405,0.0151442289352417,0.003584831953048706,0.8611433506011963,53101,0.0017263591289520264,4.0,0.9,-0.008012965321540833,-0.009572580456733704,0.001559615135192871,4
phase3/outputs/breadth_probe/cases/face_008/igs_1p00/add_headphones/strong/seed_00/candidates/cand_014_g02_m06,strong,6.0,phase3/outputs/breadth_probe/cases/face_008/igs_1p00/add_headphones/strong/seed_00/candidates/cand_014_g02_m06,14,cand_014_g02_m06,face_008__add_headphones__igs_1p00,0.045426785945892334,0.045426785945892334,phase3/outputs/clean_discovery/cases/face_008/add_headphones/igs_1p00/clean_edit.png,0.045426785945892334,True,0.0008564591407775879,,True,,"[[1, 0], [0, 1], [1, 1], [2, 0], [0, 2], [2, 1]]",metric_only_candidate,"['semantic_drop_small:0.0009', 'semantic_drop_small:0.0009']",0.0008564591407775879,4.521383535116911,face_008,0.3861897481780908,0.0008564591407775879,2,0.0,1.0,combined_tps_dct,7.5,False,1.0,data/face_008/instruct_512.png,False,0.0,3.0,0.03069083053798541,0.5686274766921997,0.00942960660904646,0.09574329853057842,30.259827175525473,0.9095743298530579,0.012075066566467285,0.011763125658035278,0.00031194090843200684,3.7307205200195312,6.0,0.004753962159156799,0.00284309188524882,0.6920985579490662,6,4,-0.011120244860649109,0.00031194090843200684,0.38276391161498047,1.0,0.06745362016811127,0.886274516582489,0.025538474321365356,23.419894744350415,0.8870505690574646,2.9353322982788086,phase3/outputs/breadth_probe/cases/face_008/igs_1p00/add_headphones/strong/seed_00/candidates/cand_014_g02_m06/flow.png,phase3/outputs/breadth_probe/cases/face_008/igs_1p00/add_headphones/strong/seed_00/candidates/cand_014_g02_m06/original.png,phase3/outputs/breadth_probe/cases/face_008/igs_1p00/add_headphones/strong/seed_00/candidates/cand_014_g02_m06/original_edited.png,phase3/outputs/breadth_probe/cases/face_008/igs_1p00/add_headphones/strong/seed_00/candidates/cand_014_g02_m06/perturbed.png,phase3/outputs/breadth_probe/cases/face_008/igs_1p00/add_headphones/strong/seed_00/candidates/cand_014_g02_m06/perturbed_edited.png,0.044570326805114746,0.044570326805114746,phase3_breadth_probe,0.3861897481780908,0.38276391161498047,"4.0*max(0,semantic_drop)+1.0*output_disruption-3.0*input_damage_penalty-1.0*geometry_excess_penalty",0.3861897481780908,add headphones,1,add_headphones,headphones,3,3,headphones,0.018729060888290405,0.013619005680084229,0.005110055208206177,0.6344762444496155,53101,0.0008564591407775879,4.0,0.9,-0.008012965321540833,-0.011120244860649109,0.0031072795391082764,4
phase3/outputs/breadth_probe/cases/face_002/igs_1p00/add_a_hoodie/strong/seed_00/candidates/cand_011_g02_m03,strong,6.0,phase3/outputs/breadth_probe/cases/face_002/igs_1p00/add_a_hoodie/strong/seed_00/candidates/cand_011_g02_m03,11,cand_011_g02_m03,face_002__add_a_hoodie__igs_1p00,0.04749709367752075,0.04749709367752075,phase3/outputs/clean_discovery/cases/face_002/add_a_hoodie/igs_1p00/clean_edit.png,0.04749709367752075,True,0.001809448003768921,,False,,"[[1, 0], [0, 1], [1, 1], [2, 0], [0, 2], [2, 1]]",metric_only_candidate,"['semantic_drop_small:0.0018', 'semantic_drop_small:0.0018']",0.001809448003768921,4.645121725276113,face_002,0.38504453402038513,0.001809448003768921,2,0.0,1.0,region_local_tps,7.5,False,1.0,data/face_002/instruct_512.png,False,0.0,3.0,0.02464899632452193,0.43921568989753723,0.007292299065738916,0.2498022317886351,32.164015198806894,0.9249802231788635,,,,5.218563556671143,6.0,,,0.46349188685417175,3,4,,,0.37780674200530945,1.0,0.065321822715988,0.8313725590705872,0.03032865561544895,23.698834107473044,0.8834805488586426,3.142120361328125,phase3/outputs/breadth_probe/cases/face_002/igs_1p00/add_a_hoodie/strong/seed_00/candidates/cand_011_g02_m03/flow.png,phase3/outputs/breadth_probe/cases/face_002/igs_1p00/add_a_hoodie/strong/seed_00/candidates/cand_011_g02_m03/original.png,phase3/outputs/breadth_probe/cases/face_002/igs_1p00/add_a_hoodie/strong/seed_00/candidates/cand_011_g02_m03/original_edited.png,phase3/outputs/breadth_probe/cases/face_002/igs_1p00/add_a_hoodie/strong/seed_00/candidates/cand_011_g02_m03/perturbed.png,phase3/outputs/breadth_probe/cases/face_002/igs_1p00/add_a_hoodie/strong/seed_00/candidates/cand_011_g02_m03/perturbed_edited.png,0.04568764567375183,0.04568764567375183,phase3_breadth_probe,0.38504453402038513,0.37780674200530945,"4.0*max(0,semantic_drop)+1.0*output_disruption-3.0*input_damage_penalty-1.0*geometry_excess_penalty",0.38504453402038513,add a hoodie,7,add_a_hoodie,clothing,7,1,clothing,,,,0.8930914402008057,36101,0.001809448003768921,4.0,0.9,,,,4
phase3/outputs/breadth_probe/cases/face_004/igs_1p00/add_a_hoodie/strong/seed_00/candidates/cand_007_g01_m07,strong,6.0,phase3/outputs/breadth_probe/cases/face_004/igs_1p00/add_a_hoodie/strong/seed_00/candidates/cand_007_g01_m07,7,cand_007_g01_m07,face_004__add_a_hoodie__igs_1p00,0.040928930044174194,0.040928930044174194,phase3/outputs/clean_discovery/cases/face_004/add_a_hoodie/igs_1p00/clean_edit.png,0.040928930044174194,True,-0.0006445348262786865,,False,,"[[1, 0], [0, 1], [1, 1], [2, 0], [0, 2], [2, 1]]",metric_only_candidate,"['semantic_drop_nonpositive:-0.0006', 'semantic_drop_nonpositive:-0.0006']",0.0,4.787042688578367,face_004,0.3795174767620541,-0.0006445348262786865,1,0.0,1.0,combined_all,7.5,False,1.0,data/face_004/instruct_512.png,False,0.0,3.0,0.01331101154784837,0.5137255191802979,0.0030347940046340227,0.80224609375,37.51577879590694,0.980224609375,,,,3.7306103706359863,6.0,,,0.29267844557762146,7,4,,,0.3795174767620541,1.0,0.07252922182398978,1.0,0.023744678124785423,22.78973964237135,0.910599410533905,1.8803703784942627,phase3/outputs/breadth_probe/cases/face_004/igs_1p00/add_a_hoodie/strong/seed_00/candidates/cand_007_g01_m07/flow.png,phase3/outputs/breadth_probe/cases/face_004/igs_1p00/add_a_hoodie/strong/seed_00/candidates/cand_007_g01_m07/original.png,phase3/outputs/breadth_probe/cases/face_004/igs_1p00/add_a_hoodie/strong/seed_00/candidates/cand_007_g01_m07/original_edited.png,phase3/outputs/breadth_probe/cases/face_004/igs_1p00/add_a_hoodie/strong/seed_00/candidates/cand_007_g01_m07/perturbed.png,phase3/outputs/breadth_probe/cases/face_004/igs_1p00/add_a_hoodie/strong/seed_00/candidates/cand_007_g01_m07/perturbed_edited.png,0.04157346487045288,0.04157346487045288,phase3_breadth_probe,0.3795174767620541,0.3795174767620541,"4.0*max(0,semantic_drop)+1.0*output_disruption-3.0*input_damage_penalty-1.0*geometry_excess_penalty",0.3795174767620541,add a hoodie,7,add_a_hoodie,clothing,1,1,clothing,,,,0.6912070512771606,44101,-0.0006445348262786865,4.0,0.9,,,,4
phase3/outputs/breadth_probe/cases/face_002/igs_1p00/add_headphones/strong/seed_00/candidates/cand_012_g02_m04,strong,6.0,phase3/outputs/breadth_probe/cases/face_002/igs_1p00/add_headphones/strong/seed_00/candidates/cand_012_g02_m04,12,cand_012_g02_m04,face_002__add_headphones__igs_1p00,0.05116361379623413,0.05116361379623413,phase3/outputs/clean_discovery/cases/face_002/add_headphones/igs_1p00/clean_edit.png,0.05116361379623413,True,0.005968719720840454,,True,,"[[1, 0], [0, 1], [1, 1], [2, 0], [0, 2], [2, 1]]",metric_only_candidate,"['semantic_drop_small:0.0060', 'semantic_drop_small:0.0060']",0.005968719720840454,4.861822534352541,face_002,0.37950005039899615,0.005968719720840454,2,0.0,1.0,region_local_tps,7.5,False,1.0,data/face_002/instruct_512.png,False,0.0,3.0,0.033739278823968336,0.8313725590705872,0.01157333329319954,0.06395196914672831,29.43728409357353,0.9063951969146729,0.024231508374214172,0.026732325553894043,-0.0025008171796798706,4.121635913848877,6.0,0.013775865236918131,-0.0016523947318394978,0.6038198471069336,4,4,-0.006891593337059021,-0.006400927901268005,0.35562517151563433,1.0,0.06068654831580587,0.8627451062202454,0.022844912484288216,24.338151265688705,0.8871210217475891,2.875523567199707,phase3/outputs/breadth_probe/cases/face_002/igs_1p00/add_headphones/strong/seed_00/candidates/cand_012_g02_m04/flow.png,phase3/outputs/breadth_probe/cases/face_002/igs_1p00/add_headphones/strong/seed_00/candidates/cand_012_g02_m04/original.png,phase3/outputs/breadth_probe/cases/face_002/igs_1p00/add_headphones/strong/seed_00/candidates/cand_012_g02_m04/original_edited.png,phase3/outputs/breadth_probe/cases/face_002/igs_1p00/add_headphones/strong/seed_00/candidates/cand_012_g02_m04/perturbed.png,phase3/outputs/breadth_probe/cases/face_002/igs_1p00/add_headphones/strong/seed_00/candidates/cand_012_g02_m04/perturbed_edited.png,0.04519489407539368,0.04519489407539368,phase3_breadth_probe,0.37950005039899615,0.35562517151563433,"4.0*max(0,semantic_drop)+1.0*output_disruption-3.0*input_damage_penalty-1.0*geometry_excess_penalty",0.37950005039899615,add headphones,1,add_headphones,headphones,1,3,headphones,0.025431424379348755,0.021486863493919373,0.003944560885429382,0.7009584903717041,33101,0.005968719720840454,4.0,0.9,-0.013292521238327026,-0.006891593337059021,-0.006400927901268005,4
phase3/outputs/breadth_probe/cases/face_004/igs_1p00/add_a_hoodie/medium/seed_00/candidates/cand_009_g02_m01,medium,4.0,phase3/outputs/breadth_probe/cases/face_004/igs_1p00/add_a_hoodie/medium/seed_00/candidates/cand_009_g02_m01,9,cand_009_g02_m01,face_004__add_a_hoodie__igs_1p00,0.040928930044174194,0.040928930044174194,phase3/outputs/clean_discovery/cases/face_004/add_a_hoodie/igs_1p00/clean_edit.png,0.040928930044174194,True,-0.004050850868225098,,False,,"[[1, 0], [0, 1], [1, 1], [2, 0], [0, 2], [2, 1]]",metric_only_candidate,"['semantic_drop_nonpositive:-0.0041', 'semantic_drop_nonpositive:-0.0041']",0.0,4.964072059839964,face_004,0.378591077090548,-0.004050850868225098,2,0.0,1.0,combined_all,7.5,False,1.0,data/face_004/instruct_512.png,False,0.0,3.0,0.011019572649626632,0.45490196347236633,0.0024255935568362474,0.7612118721008303,39.156704950896554,0.9856727123260498,,,,2.1222708225250244,4.0,,,0.19235575199127197,1,4,,,0.378591077090548,1.0,0.07190238350660764,1.0,0.023840466514229774,22.865134257263072,0.9090184569358826,1.3016711473464966,phase3/outputs/breadth_probe/cases/face_004/igs_1p00/add_a_hoodie/medium/seed_00/candidates/cand_009_g02_m01/flow.png,phase3/outputs/breadth_probe/cases/face_004/igs_1p00/add_a_hoodie/medium/seed_00/candidates/cand_009_g02_m01/original.png,phase3/outputs/breadth_probe/cases/face_004/igs_1p00/add_a_hoodie/medium/seed_00/candidates/cand_009_g02_m01/original_edited.png,phase3/outputs/breadth_probe/cases/face_004/igs_1p00/add_a_hoodie/medium/seed_00/candidates/cand_009_g02_m01/perturbed.png,phase3/outputs/breadth_probe/cases/face_004/igs_1p00/add_a_hoodie/medium/seed_00/candidates/cand_009_g02_m01/perturbed_edited.png,0.04497978091239929,0.04497978091239929,phase3_breadth_probe,0.378591077090548,0.378591077090548,"4.0*max(0,semantic_drop)+1.0*output_disruption-3.0*input_damage_penalty-1.0*geometry_excess_penalty",0.378591077090548,add a hoodie,7,add_a_hoodie,clothing,1,1,clothing,,,,0.8294398784637451,44001,-0.004050850868225098,4.0,0.94,,,,4
phase3/outputs/breadth_probe/cases/face_002/igs_1p00/add_a_hoodie/medium/seed_00/candidates/cand_016_g02_m08,medium,4.0,phase3/outputs/breadth_probe/cases/face_002/igs_1p00/add_a_hoodie/medium/seed_00/candidates/cand_016_g02_m08,16,cand_016_g02_m08,face_002__add_a_hoodie__igs_1p00,0.04749709367752075,0.04749709367752075,phase3/outputs/clean_discovery/cases/face_002/add_a_hoodie/igs_1p00/clean_edit.png,0.04749709367752075,True,0.0009312927722930908,,False,,"[[1, 0], [0, 1], [1, 1], [2, 0], [0, 2], [2, 1]]",metric_only_candidate,"['semantic_drop_small:0.0009', 'semantic_drop_small:0.0009']",0.0009312927722930908,4.884537750855088,face_002,0.3782555505871983,0.0009312927722930908,2,0.0,1.0,combined_tps_dct,7.5,False,1.0,data/face_002/instruct_512.png,False,0.0,3.0,0.01635122537675473,0.29019609093666077,0.005077487323433161,0.1969585418701179,35.7289939066531,0.951817512512207,,,,3.4449691772460938,4.0,,,0.42057135701179504,8,4,,,0.3745303794980259,1.0,0.06759166829884578,0.8313725590705872,0.03037811629474163,23.402136683190694,0.8958362936973572,2.504012107849121,phase3/outputs/breadth_probe/cases/face_002/igs_1p00/add_a_hoodie/medium/seed_00/candidates/cand_016_g02_m08/flow.png,phase3/outputs/breadth_probe/cases/face_002/igs_1p00/add_a_hoodie/medium/seed_00/candidates/cand_016_g02_m08/original.png,phase3/outputs/breadth_probe/cases/face_002/igs_1p00/add_a_hoodie/medium/seed_00/candidates/cand_016_g02_m08/original_edited.png,phase3/outputs/breadth_probe/cases/face_002/igs_1p00/add_a_hoodie/medium/seed_00/candidates/cand_016_g02_m08/perturbed.png,phase3/outputs/breadth_probe/cases/face_002/igs_1p00/add_a_hoodie/medium/seed_00/candidates/cand_016_g02_m08/perturbed_edited.png,0.04656580090522766,0.04656580090522766,phase3_breadth_probe,0.3782555505871983,0.3745303794980259,"4.0*max(0,semantic_drop)+1.0*output_disruption-3.0*input_damage_penalty-1.0*geometry_excess_penalty",0.3782555505871983,add a hoodie,7,add_a_hoodie,clothing,1,1,clothing,,,,0.8801127672195435,36001,0.0009312927722930908,4.0,0.94,,,,4
phase3/outputs/breadth_probe/cases/face_002/igs_1p00/add_headphones/strong/seed_00/candidates/cand_015_g02_m07,strong,6.0,phase3/outputs/breadth_probe/cases/face_002/igs_1p00/add_headphones/strong/seed_00/candidates/cand_015_g02_m07,15,cand_015_g02_m07,face_002__add_headphones__igs_1p00,0.05116361379623413,0.05116361379623413,phase3/outputs/clean_discovery/cases/face_002/add_headphones/igs_1p00/clean_edit.png,0.05116361379623413,True,0.005146652460098267,,True,,"[[1, 0], [0, 1], [1, 1], [2, 0], [0, 2], [2, 1]]",metric_only_candidate,"['semantic_drop_small:0.0051', 'semantic_drop_small:0.0051']",0.005146652460098267,4.749764610081911,face_002,0.36930829431850687,0.005146652460098267,2,0.0,1.0,region_local_mesh,7.5,False,1.0,data/face_002/instruct_512.png,False,0.0,3.0,0.03107989756695271,0.7529411911964417,0.0104261115193367,0.09290015697479227,30.150408424308253,0.9092900156974792,0.024231508374214172,0.025812849402427673,-0.001581341028213501,4.604599475860596,6.0,0.013274013996124268,-0.001150543491045634,0.6167981028556824,7,4,-0.007942646741867065,-0.005349874496459961,0.3487216844781138,1.0,0.05981914735396448,0.8196078538894653,0.02262628637254238,24.46319563154614,0.8905549049377441,3.1213667392730713,phase3/outputs/breadth_probe/cases/face_002/igs_1p00/add_headphones/strong/seed_00/candidates/cand_015_g02_m07/flow.png,phase3/outputs/breadth_probe/cases/face_002/igs_1p00/add_headphones/strong/seed_00/candidates/cand_015_g02_m07/original.png,phase3/outputs/breadth_probe/cases/face_002/igs_1p00/add_headphones/strong/seed_00/candidates/cand_015_g02_m07/original_edited.png,phase3/outputs/breadth_probe/cases/face_002/igs_1p00/add_headphones/strong/seed_00/candidates/cand_015_g02_m07/perturbed.png,phase3/outputs/breadth_probe/cases/face_002/igs_1p00/add_headphones/strong/seed_00/candidates/cand_015_g02_m07/perturbed_edited.png,0.046016961336135864,0.046016961336135864,phase3_breadth_probe,0.36930829431850687,0.3487216844781138,"4.0*max(0,semantic_drop)+1.0*output_disruption-3.0*input_damage_penalty-1.0*geometry_excess_penalty",0.36930829431850687,add headphones,1,add_headphones,headphones,2,3,headphones,0.025431424379348755,0.021951839327812195,0.00347958505153656,0.783095121383667,33101,0.005146652460098267,4.0,0.9,-0.013292521238327026,-0.007942646741867065,-0.005349874496459961,4
phase3/outputs/breadth_probe/cases/face_004/igs_1p00/add_a_red_scarf/strong/seed_00/candidates/cand_010_g02_m02,strong,6.0,phase3/outputs/breadth_probe/cases/face_004/igs_1p00/add_a_red_scarf/strong/seed_00/candidates/cand_010_g02_m02,10,cand_010_g02_m02,face_004__add_a_red_scarf__igs_1p00,0.043025851249694824,0.043025851249694824,phase3/outputs/clean_discovery/cases/face_004/add_a_red_scarf/igs_1p00/clean_edit.png,0.043025851249694824,True,0.0020252466201782227,,False,,"[[1, 0], [0, 1], [1, 1], [2, 0], [0, 2], [2, 1]]",metric_only_candidate,"['semantic_drop_small:0.0020', 'semantic_drop_small:0.0020']",0.0020252466201782227,4.846725383773446,face_004,0.36887492650591874,0.0020252466201782227,2,0.0,1.0,region_local_tps,7.5,False,1.0,data/face_004/instruct_512.png,False,0.0,3.0,0.023618960508096518,0.8078431487083435,0.0052446904592216015,0.5575809478759765,32.534784399930004,0.9557580947875977,,,,4.865389823913574,6.0,,,0.49547407031059265,2,4,,,0.36077394002520585,1.0,0.06193183837792164,0.9058823585510254,0.021799175068736076,24.16172056498308,0.8869534134864807,3.1411049365997314,phase3/outputs/breadth_probe/cases/face_004/igs_1p00/add_a_red_scarf/strong/seed_00/candidates/cand_010_g02_m02/flow.png,phase3/outputs/breadth_probe/cases/face_004/igs_1p00/add_a_red_scarf/strong/seed_00/candidates/cand_010_g02_m02/original.png,phase3/outputs/breadth_probe/cases/face_004/igs_1p00/add_a_red_scarf/strong/seed_00/candidates/cand_010_g02_m02/original_edited.png,phase3/outputs/breadth_probe/cases/face_004/igs_1p00/add_a_red_scarf/strong/seed_00/candidates/cand_010_g02_m02/perturbed.png,phase3/outputs/breadth_probe/cases/face_004/igs_1p00/add_a_red_scarf/strong/seed_00/candidates/cand_010_g02_m02/perturbed_edited.png,0.0410006046295166,0.0410006046295166,phase3_breadth_probe,0.36887492650591874,0.36077394002520585,"4.0*max(0,semantic_drop)+1.0*output_disruption-3.0*input_damage_penalty-1.0*geometry_excess_penalty",0.36887492650591874,add a red scarf,6,add_a_red_scarf,clothing,1,1,clothing,,,,0.8274966478347778,43101,0.0020252466201782227,4.0,0.9,,,,4
phase3/outputs/breadth_probe/cases/face_002/igs_1p00/add_a_hoodie/strong/seed_00/candidates/cand_006_g01_m06,strong,6.0,phase3/outputs/breadth_probe/cases/face_002/igs_1p00/add_a_hoodie/strong/seed_00/candidates/cand_006_g01_m06,6,cand_006_g01_m06,face_002__add_a_hoodie__igs_1p00,0.04749709367752075,0.04749709367752075,phase3/outputs/clean_discovery/cases/face_002/add_a_hoodie/igs_1p00/clean_edit.png,0.04749709367752075,True,0.00224459171295166,,False,,"[[1, 0], [0, 1], [1, 1], [2, 0], [0, 2], [2, 1]]",metric_only_candidate,"['semantic_drop_small:0.0022', 'semantic_drop_small:0.0022']",0.00224459171295166,4.649887915700674,face_002,0.3686183866179805,0.00224459171295166,1,0.0,1.0,combined_tps_dct,7.5,False,1.0,data/face_002/instruct_512.png,False,0.0,3.0,0.017110485995868237,0.32549020648002625,0.0047354805283248425,0.5478868484497069,35.33475309693219,0.9547886848449707,,,,2.5874342918395996,6.0,,,0.25583136081695557,6,4,,,0.3596400197661739,1.0,0.06502686878832234,0.8352941274642944,0.029790004715323448,23.73814315779169,0.9004674553871155,1.7562824487686157,phase3/outputs/breadth_probe/cases/face_002/igs_1p00/add_a_hoodie/strong/seed_00/candidates/cand_006_g01_m06/flow.png,phase3/outputs/breadth_probe/cases/face_002/igs_1p00/add_a_hoodie/strong/seed_00/candidates/cand_006_g01_m06/original.png,phase3/outputs/breadth_probe/cases/face_002/igs_1p00/add_a_hoodie/strong/seed_00/candidates/cand_006_g01_m06/original_edited.png,phase3/outputs/breadth_probe/cases/face_002/igs_1p00/add_a_hoodie/strong/seed_00/candidates/cand_006_g01_m06/perturbed.png,phase3/outputs/breadth_probe/cases/face_002/igs_1p00/add_a_hoodie/strong/seed_00/candidates/cand_006_g01_m06/perturbed_edited.png,0.04525250196456909,0.04525250196456909,phase3_breadth_probe,0.3686183866179805,0.3596400197661739,"4.0*max(0,semantic_drop)+1.0*output_disruption-3.0*input_damage_penalty-1.0*geometry_excess_penalty",0.3686183866179805,add a hoodie,7,add_a_hoodie,clothing,8,1,clothing,,,,0.8698432445526123,36101,0.00224459171295166,4.0,0.9,,,,4
phase3/outputs/breadth_probe/cases/face_008/igs_1p00/add_headphones/strong/seed_00/candidates/cand_013_g02_m05,strong,6.0,phase3/outputs/breadth_probe/cases/face_008/igs_1p00/add_headphones/strong/seed_00/candidates/cand_013_g02_m05,13,cand_013_g02_m05,face_008__add_headphones__igs_1p00,0.045426785945892334,0.045426785945892334,phase3/outputs/clean_discovery/cases/face_008/add_headphones/igs_1p00/clean_edit.png,0.045426785945892334,True,0.001469731330871582,,True,,"[[1, 0], [0, 1], [1, 1], [2, 0], [0, 2], [2, 1]]",metric_only_candidate,"['semantic_drop_small:0.0015', 'semantic_drop_small:0.0015']",0.001469731330871582,4.591238746419549,face_008,0.3650535361240299,0.001469731330871582,2,0.0,1.0,region_local_mesh,7.5,False,1.0,data/face_008/instruct_512.png,False,0.0,3.0,0.02677305863572651,0.5882353186607361,0.007962134666740894,0.2656427621841429,31.446040217099608,0.9265642762184143,0.012075066566467285,0.011034905910491943,0.0010401606559753418,3.9556102752685547,6.0,0.0036216924587885537,0.003975361585617065,0.5310225486755371,5,4,-0.014744147658348083,0.0010401606559753418,0.3591746108005436,1.0,0.0620463792550065,0.8392156958580017,0.025477955117821693,24.145671137600356,0.8890109062194824,2.9194753170013428,phase3/outputs/breadth_probe/cases/face_008/igs_1p00/add_headphones/strong/seed_00/candidates/cand_013_g02_m05/flow.png,phase3/outputs/breadth_probe/cases/face_008/igs_1p00/add_headphones/strong/seed_00/candidates/cand_013_g02_m05/original.png,phase3/outputs/breadth_probe/cases/face_008/igs_1p00/add_headphones/strong/seed_00/candidates/cand_013_g02_m05/original_edited.png,phase3/outputs/breadth_probe/cases/face_008/igs_1p00/add_headphones/strong/seed_00/candidates/cand_013_g02_m05/perturbed.png,phase3/outputs/breadth_probe/cases/face_008/igs_1p00/add_headphones/strong/seed_00/candidates/cand_013_g02_m05/perturbed_edited.png,0.04395705461502075,0.04395705461502075,phase3_breadth_probe,0.3650535361240299,0.3591746108005436,"4.0*max(0,semantic_drop)+1.0*output_disruption-3.0*input_damage_penalty-1.0*geometry_excess_penalty",0.3650535361240299,add headphones,1,add_headphones,headphones,4,3,headphones,0.018729060888290405,0.014574319124221802,0.0041547417640686035,0.6727228164672852,53101,0.001469731330871582,4.0,0.9,-0.008012965321540833,-0.014744147658348083,0.006731182336807251,4
phase3/outputs/breadth_probe/cases/face_002/igs_1p00/add_a_hoodie/strong/seed_00/candidates/cand_001_g01_m01,strong,6.0,phase3/outputs/breadth_probe/cases/face_002/igs_1p00/add_a_hoodie/strong/seed_00/candidates/cand_001_g01_m01,1,cand_001_g01_m01,face_002__add_a_hoodie__igs_1p00,0.04749709367752075,0.04749709367752075,phase3/outputs/clean_discovery/cases/face_002/add_a_hoodie/igs_1p00/clean_edit.png,0.04749709367752075,True,0.003790229558944702,,False,,"[[1, 0], [0, 1], [1, 1], [2, 0], [0, 2], [2, 1]]",metric_only_candidate,"['semantic_drop_small:0.0038', 'semantic_drop_small:0.0038']",0.003790229558944702,4.786932475864887,face_002,0.36417513973575,0.003790229558944702,1,0.0,1.0,combined_tps_dct,7.5,False,1.0,data/face_002/instruct_512.png,False,0.0,3.0,0.013473584724646527,0.26274511218070984,0.0038827841635793447,0.68380868434906,37.4103368472129,0.968380868434906,,,,2.1771512031555176,6.0,,,0.207077294588089,1,4,,,0.3490142214999712,1.0,0.06280599506462903,0.8274509906768799,0.026528140529990196,24.039977985376986,0.9022097587585449,1.2552298307418823,phase3/outputs/breadth_probe/cases/face_002/igs_1p00/add_a_hoodie/strong/seed_00/candidates/cand_001_g01_m01/flow.png,phase3/outputs/breadth_probe/cases/face_002/igs_1p00/add_a_hoodie/strong/seed_00/candidates/cand_001_g01_m01/original.png,phase3/outputs/breadth_probe/cases/face_002/igs_1p00/add_a_hoodie/strong/seed_00/candidates/cand_001_g01_m01/original_edited.png,phase3/outputs/breadth_probe/cases/face_002/igs_1p00/add_a_hoodie/strong/seed_00/candidates/cand_001_g01_m01/perturbed.png,phase3/outputs/breadth_probe/cases/face_002/igs_1p00/add_a_hoodie/strong/seed_00/candidates/cand_001_g01_m01/perturbed_edited.png,0.04370686411857605,0.04370686411857605,phase3_breadth_probe,0.36417513973575,0.3490142214999712,"4.0*max(0,semantic_drop)+1.0*output_disruption-3.0*input_damage_penalty-1.0*geometry_excess_penalty",0.36417513973575,add a hoodie,7,add_a_hoodie,clothing,9,1,clothing,,,,0.3719938099384308,36101,0.003790229558944702,4.0,0.9,,,,4
phase3/outputs/breadth_probe/cases/face_003/igs_1p00/add_headphones/strong/seed_00/candidates/cand_013_g02_m05,strong,6.0,phase3/outputs/breadth_probe/cases/face_003/igs_1p00/add_headphones/strong/seed_00/candidates/cand_013_g02_m05,13,cand_013_g02_m05,face_003__add_headphones__igs_1p00,0.045783042907714844,0.045783042907714844,phase3/outputs/clean_discovery/cases/face_003/add_headphones/igs_1p00/clean_edit.png,0.045783042907714844,True,0.000830233097076416,,True,,"[[1, 0], [0, 1], [1, 1], [2, 0], [0, 2], [2, 1]]",metric_only_candidate,"['semantic_drop_small:0.0008', 'semantic_drop_small:0.0008']",0.000830233097076416,5.1650731563568115,face_003,0.3634610709979138,0.000830233097076416,2,0.0,1.0,combined_tps_dct,7.5,False,1.0,data/face_003/instruct_512.png,False,0.0,3.0,0.02833045169593225,0.6117647290229797,0.00988196674734354,0.012145996093749781,30.954930022131304,0.901214599609375,0.01863802969455719,0.016945019364356995,0.0016930103302001953,4.716405391693115,6.0,0.00900989274183909,-1.2775262196858725e-05,0.8624441623687744,5,4,-0.008626222610473633,-0.0009723007678985596,0.36014013860960814,1.0,0.06272777759616577,0.8392156958580017,0.024276264011859894,24.050801979149497,0.8907709717750549,3.935088872909546,phase3/outputs/breadth_probe/cases/face_003/igs_1p00/add_headphones/strong/seed_00/candidates/cand_013_g02_m05/flow.png,phase3/outputs/breadth_probe/cases/face_003/igs_1p00/add_headphones/strong/seed_00/candidates/cand_013_g02_m05/original.png,phase3/outputs/breadth_probe/cases/face_003/igs_1p00/add_headphones/strong/seed_00/candidates/cand_013_g02_m05/original_edited.png,phase3/outputs/breadth_probe/cases/face_003/igs_1p00/add_headphones/strong/seed_00/candidates/cand_013_g02_m05/perturbed.png,phase3/outputs/breadth_probe/cases/face_003/igs_1p00/add_headphones/strong/seed_00/candidates/cand_013_g02_m05/perturbed_edited.png,0.04495280981063843,0.04495280981063843,phase3_breadth_probe,0.3634610709979138,0.36014013860960814,"4.0*max(0,semantic_drop)+1.0*output_disruption-3.0*input_damage_penalty-1.0*geometry_excess_penalty",0.3634610709979138,add headphones,1,add_headphones,headphones,1,3,headphones,0.0179518461227417,0.01871088147163391,-0.0007590353488922119,0.8021097183227539,37101,0.000830233097076416,4.0,0.9,-0.009598523378372192,-0.008626222610473633,-0.0009723007678985596,4
phase3/outputs/breadth_probe/cases/face_008/igs_1p00/add_headphones/strong/seed_00/candidates/cand_001_g01_m01,strong,6.0,phase3/outputs/breadth_probe/cases/face_008/igs_1p00/add_headphones/strong/seed_00/candidates/cand_001_g01_m01,1,cand_001_g01_m01,face_008__add_headphones__igs_1p00,0.045426785945892334,0.045426785945892334,phase3/outputs/clean_discovery/cases/face_008/add_headphones/igs_1p00/clean_edit.png,0.045426785945892334,True,0.0013503432273864746,,True,,"[[1, 0], [0, 1], [1, 1], [2, 0], [0, 2], [2, 1]]",reject_input_damage,"['input_ssim_below_target:0.8990<0.9000', 'semantic_drop_small:0.0014']",0.0013503432273864746,4.786833122372627,face_008,0.35996388446845534,0.0013503432273864746,1,0.0,1.0,combined_tps_dct,7.5,False,1.0,data/face_008/instruct_512.png,False,0.0080782890319826,3.0,0.03188538755187118,0.529411792755127,0.010344832204282284,0.0,29.92816599999447,0.8989902138710022,0.012075066566467285,0.012400239706039429,-0.00032517313957214355,4.011441707611084,6.0,0.006037026643753052,0.0015600274006525676,0.7927129864692688,1,4,-0.009178340435028076,-0.00032517313957214355,0.37879737865485724,1.0,0.06806070271024599,0.9137254953384399,0.022551601752638817,23.34207142463765,0.8934454321861267,2.9795076847076416,phase3/outputs/breadth_probe/cases/face_008/igs_1p00/add_headphones/strong/seed_00/candidates/cand_001_g01_m01/flow.png,phase3/outputs/breadth_probe/cases/face_008/igs_1p00/add_headphones/strong/seed_00/candidates/cand_001_g01_m01/original.png,phase3/outputs/breadth_probe/cases/face_008/igs_1p00/add_headphones/strong/seed_00/candidates/cand_001_g01_m01/original_edited.png,phase3/outputs/breadth_probe/cases/face_008/igs_1p00/add_headphones/strong/seed_00/candidates/cand_001_g01_m01/perturbed.png,phase3/outputs/breadth_probe/cases/face_008/igs_1p00/add_headphones/strong/seed_00/candidates/cand_001_g01_m01/perturbed_edited.png,0.04407644271850586,0.04407644271850586,phase3_breadth_probe,0.35996388446845534,0.37879737865485724,"4.0*max(0,semantic_drop)+1.0*output_disruption-3.0*input_damage_penalty-1.0*geometry_excess_penalty",0.35996388446845534,add headphones,1,add_headphones,headphones,5,3,headphones,0.018729060888290405,0.014889180660247803,0.0038398802280426025,0.6822179555892944,53101,0.0013503432273864746,4.0,0.9,-0.008012965321540833,-0.009178340435028076,0.0011653751134872437,4
phase3/outputs/breadth_probe/cases/face_004/igs_1p00/add_a_hoodie/strong/seed_00/candidates/cand_013_g02_m05,strong,6.0,phase3/outputs/breadth_probe/cases/face_004/igs_1p00/add_a_hoodie/strong/seed_00/candidates/cand_013_g02_m05,13,cand_013_g02_m05,face_004__add_a_hoodie__igs_1p00,0.040928930044174194,0.040928930044174194,phase3/outputs/clean_discovery/cases/face_004/add_a_hoodie/igs_1p00/clean_edit.png,0.040928930044174194,True,-0.0013729333877563477,,False,,"[[1, 0], [0, 1], [1, 1], [2, 0], [0, 2], [2, 1]]",metric_only_candidate,"['semantic_drop_nonpositive:-0.0014', 'semantic_drop_nonpositive:-0.0014']",0.0,4.82145313359797,face_004,0.35973156627271,-0.0013729333877563477,2,0.0,1.0,region_local_tps,7.5,False,1.0,data/face_004/instruct_512.png,False,0.0,3.0,0.016130969605298442,0.6431372761726379,0.003480814164504409,0.7475433349609374,35.846790542394544,0.9747543334960938,,,,4.73534631729126,6.0,,,0.33928540349006653,5,4,,,0.35973156627271,1.0,0.06963812096976595,1.0,0.0223995354026556,23.14305911739843,0.9188209176063538,2.0984511375427246,phase3/outputs/breadth_probe/cases/face_004/igs_1p00/add_a_hoodie/strong/seed_00/candidates/cand_013_g02_m05/flow.png,phase3/outputs/breadth_probe/cases/face_004/igs_1p00/add_a_hoodie/strong/seed_00/candidates/cand_013_g02_m05/original.png,phase3/outputs/breadth_probe/cases/face_004/igs_1p00/add_a_hoodie/strong/seed_00/candidates/cand_013_g02_m05/original_edited.png,phase3/outputs/breadth_probe/cases/face_004/igs_1p00/add_a_hoodie/strong/seed_00/candidates/cand_013_g02_m05/perturbed.png,phase3/outputs/breadth_probe/cases/face_004/igs_1p00/add_a_hoodie/strong/seed_00/candidates/cand_013_g02_m05/perturbed_edited.png,0.04230186343193054,0.04230186343193054,phase3_breadth_probe,0.35973156627271,0.35973156627271,"4.0*max(0,semantic_drop)+1.0*output_disruption-3.0*input_damage_penalty-1.0*geometry_excess_penalty",0.35973156627271,add a hoodie,7,add_a_hoodie,clothing,2,1,clothing,,,,0.9609677791595459,44101,-0.0013729333877563477,4.0,0.9,,,,4
phase3/outputs/breadth_probe/cases/face_002/igs_1p00/add_a_hoodie/medium/seed_00/candidates/cand_015_g02_m07,medium,4.0,phase3/outputs/breadth_probe/cases/face_002/igs_1p00/add_a_hoodie/medium/seed_00/candidates/cand_015_g02_m07,15,cand_015_g02_m07,face_002__add_a_hoodie__igs_1p00,0.04749709367752075,0.04749709367752075,phase3/outputs/clean_discovery/cases/face_002/add_a_hoodie/igs_1p00/clean_edit.png,0.04749709367752075,True,0.002041935920715332,,False,,"[[1, 0], [0, 1], [1, 1], [2, 0], [0, 2], [2, 1]]",metric_only_candidate,"['semantic_drop_small:0.0020', 'semantic_drop_small:0.0020']",0.002041935920715332,4.699403440579772,face_002,0.35882464210734805,0.002041935920715332,2,0.0,1.0,combined_tps_dct,7.5,False,1.0,data/face_002/instruct_512.png,False,0.0,3.0,0.019078724714008472,0.5490196347236633,0.00591079518198967,0.05366996924082522,34.389013167249736,0.9432201981544495,,,,3.5768001079559326,4.0,,,0.4246140122413635,7,4,,,0.3506568984244867,1.0,0.06271889100607743,0.8117647171020508,0.027860015630722046,24.052032588806256,0.900218665599823,2.7188498973846436,phase3/outputs/breadth_probe/cases/face_002/igs_1p00/add_a_hoodie/medium/seed_00/candidates/cand_015_g02_m07/flow.png,phase3/outputs/breadth_probe/cases/face_002/igs_1p00/add_a_hoodie/medium/seed_00/candidates/cand_015_g02_m07/original.png,phase3/outputs/breadth_probe/cases/face_002/igs_1p00/add_a_hoodie/medium/seed_00/candidates/cand_015_g02_m07/original_edited.png,phase3/outputs/breadth_probe/cases/face_002/igs_1p00/add_a_hoodie/medium/seed_00/candidates/cand_015_g02_m07/perturbed.png,phase3/outputs/breadth_probe/cases/face_002/igs_1p00/add_a_hoodie/medium/seed_00/candidates/cand_015_g02_m07/perturbed_edited.png,0.04545515775680542,0.04545515775680542,phase3_breadth_probe,0.35882464210734805,0.3506568984244867,"4.0*max(0,semantic_drop)+1.0*output_disruption-3.0*input_damage_penalty-1.0*geometry_excess_penalty",0.35882464210734805,add a hoodie,7,add_a_hoodie,clothing,2,1,clothing,,,,0.9124490022659302,36001,0.002041935920715332,4.0,0.94,,,,4
phase3/outputs/breadth_probe/cases/face_008/igs_1p00/add_headphones/medium/seed_00/candidates/cand_007_g01_m07,medium,4.0,phase3/outputs/breadth_probe/cases/face_008/igs_1p00/add_headphones/medium/seed_00/candidates/cand_007_g01_m07,7,cand_007_g01_m07,face_008__add_headphones__igs_1p00,0.045426785945892334,0.045426785945892334,phase3/outputs/clean_discovery/cases/face_008/add_headphones/igs_1p00/clean_edit.png,0.045426785945892334,True,0.001402139663696289,,True,,"[[1, 0], [0, 1], [1, 1], [2, 0], [0, 2], [2, 1]]",metric_only_candidate,"['semantic_drop_small:0.0014', 'semantic_drop_small:0.0014']",0.001402139663696289,4.771793140098453,face_008,0.3565217666032767,0.001402139663696289,1,0.0,1.0,region_local_mesh,7.5,False,1.0,data/face_008/instruct_512.png,False,0.0,3.0,0.022528649971102873,0.5490196347236633,0.005814915522933006,0.14030234018961665,32.94529665169062,0.948418140411377,0.012075066566467285,0.012695938348770142,-0.0006208717823028564,2.196244478225708,4.0,0.005542089541753133,0.0020549645026524863,0.3158307671546936,7,4,-0.011388629674911499,-0.0006208717823028564,0.35091320794849157,1.0,0.0613543195576185,0.8549019694328308,0.02512308768928051,24.243097120353436,0.8945040702819824,1.643290400505066,phase3/outputs/breadth_probe/cases/face_008/igs_1p00/add_headphones/medium/seed_00/candidates/cand_007_g01_m07/flow.png,phase3/outputs/breadth_probe/cases/face_008/igs_1p00/add_headphones/medium/seed_00/candidates/cand_007_g01_m07/original.png,phase3/outputs/breadth_probe/cases/face_008/igs_1p00/add_headphones/medium/seed_00/candidates/cand_007_g01_m07/original_edited.png,phase3/outputs/breadth_probe/cases/face_008/igs_1p00/add_headphones/medium/seed_00/candidates/cand_007_g01_m07/perturbed.png,phase3/outputs/breadth_probe/cases/face_008/igs_1p00/add_headphones/medium/seed_00/candidates/cand_007_g01_m07/perturbed_edited.png,0.044024646282196045,0.044024646282196045,phase3_breadth_probe,0.3565217666032767,0.35091320794849157,"4.0*max(0,semantic_drop)+1.0*output_disruption-3.0*input_damage_penalty-1.0*geometry_excess_penalty",0.3565217666032767,add headphones,1,add_headphones,headphones,1,3,headphones,0.018729060888290405,0.015318959951400757,0.0034101009368896484,0.560266375541687,53001,0.001402139663696289,4.0,0.94,-0.008012965321540833,-0.011388629674911499,0.0033756643533706665,4
phase3/outputs/breadth_probe/cases/face_002/igs_1p00/add_a_hoodie/medium/seed_00/candidates/cand_009_g02_m01,medium,4.0,phase3/outputs/breadth_probe/cases/face_002/igs_1p00/add_a_hoodie/medium/seed_00/candidates/cand_009_g02_m01,9,cand_009_g02_m01,face_002__add_a_hoodie__igs_1p00,0.04749709367752075,0.04749709367752075,phase3/outputs/clean_discovery/cases/face_002/add_a_hoodie/igs_1p00/clean_edit.png,0.04749709367752075,True,0.0020121634006500244,,False,,"[[1, 0], [0, 1], [1, 1], [2, 0], [0, 2], [2, 1]]",metric_only_candidate,"['semantic_drop_small:0.0020', 'semantic_drop_small:0.0020']",0.0020121634006500244,4.838960377499461,face_002,0.35535300950178245,0.0020121634006500244,2,0.0,1.0,combined_tps_dct,7.5,False,1.0,data/face_002/instruct_512.png,False,0.0,3.0,0.017569905087697003,0.4431372582912445,0.005320878699421883,0.15636877218882317,35.10461169098288,0.9493821263313293,,,,3.3461270332336426,4.0,,,0.36940351128578186,1,4,,,0.34730435589918235,1.0,0.06373703772815252,0.8117647171020508,0.027423759922385216,23.912162497262273,0.9076437950134277,2.196254014968872,phase3/outputs/breadth_probe/cases/face_002/igs_1p00/add_a_hoodie/medium/seed_00/candidates/cand_009_g02_m01/flow.png,phase3/outputs/breadth_probe/cases/face_002/igs_1p00/add_a_hoodie/medium/seed_00/candidates/cand_009_g02_m01/original.png,phase3/outputs/breadth_probe/cases/face_002/igs_1p00/add_a_hoodie/medium/seed_00/candidates/cand_009_g02_m01/original_edited.png,phase3/outputs/breadth_probe/cases/face_002/igs_1p00/add_a_hoodie/medium/seed_00/candidates/cand_009_g02_m01/perturbed.png,phase3/outputs/breadth_probe/cases/face_002/igs_1p00/add_a_hoodie/medium/seed_00/candidates/cand_009_g02_m01/perturbed_edited.png,0.04548493027687073,0.04548493027687073,phase3_breadth_probe,0.35535300950178245,0.34730435589918235,"4.0*max(0,semantic_drop)+1.0*output_disruption-3.0*input_damage_penalty-1.0*geometry_excess_penalty",0.35535300950178245,add a hoodie,7,add_a_hoodie,clothing,3,1,clothing,,,,0.8536038398742676,36001,0.0020121634006500244,4.0,0.94,,,,4
phase3/outputs/breadth_probe/cases/face_002/igs_1p00/add_a_hoodie/medium/seed_00/candidates/cand_004_g01_m04,medium,4.0,phase3/outputs/breadth_probe/cases/face_002/igs_1p00/add_a_hoodie/medium/seed_00/candidates/cand_004_g01_m04,4,cand_004_g01_m04,face_002__add_a_hoodie__igs_1p00,0.04749709367752075,0.04749709367752075,phase3/outputs/clean_discovery/cases/face_002/add_a_hoodie/igs_1p00/clean_edit.png,0.04749709367752075,True,0.0015358924865722656,,False,,"[[1, 0], [0, 1], [1, 1], [2, 0], [0, 2], [2, 1]]",metric_only_candidate,"['semantic_drop_small:0.0015', 'semantic_drop_small:0.0015']",0.0015358924865722656,4.77335418947041,face_002,0.35074771310777497,0.0015358924865722656,1,0.0,1.0,region_local_tps,7.5,False,1.0,data/face_002/instruct_512.png,False,0.0,3.0,0.015256419474670322,0.5058823823928833,0.004382424056529999,0.365034699440003,36.3309475777542,0.9619020819664001,,,,3.343104839324951,4.0,,,0.30837562680244446,4,4,,,0.3446041431614859,1.0,0.06088157213203866,0.8156862854957581,0.026511160656809807,24.310282827951497,0.8989221453666687,1.9324182271957397,phase3/outputs/breadth_probe/cases/face_002/igs_1p00/add_a_hoodie/medium/seed_00/candidates/cand_004_g01_m04/flow.png,phase3/outputs/breadth_probe/cases/face_002/igs_1p00/add_a_hoodie/medium/seed_00/candidates/cand_004_g01_m04/original.png,phase3/outputs/breadth_probe/cases/face_002/igs_1p00/add_a_hoodie/medium/seed_00/candidates/cand_004_g01_m04/original_edited.png,phase3/outputs/breadth_probe/cases/face_002/igs_1p00/add_a_hoodie/medium/seed_00/candidates/cand_004_g01_m04/perturbed.png,phase3/outputs/breadth_probe/cases/face_002/igs_1p00/add_a_hoodie/medium/seed_00/candidates/cand_004_g01_m04/perturbed_edited.png,0.045961201190948486,0.045961201190948486,phase3_breadth_probe,0.35074771310777497,0.3446041431614859,"4.0*max(0,semantic_drop)+1.0*output_disruption-3.0*input_damage_penalty-1.0*geometry_excess_penalty",0.35074771310777497,add a hoodie,7,add_a_hoodie,clothing,4,1,clothing,,,,0.8528327941894531,36001,0.0015358924865722656,4.0,0.94,,,,4
phase3/outputs/breadth_probe/cases/face_003/igs_1p00/add_headphones/strong/seed_00/candidates/cand_016_g02_m08,strong,6.0,phase3/outputs/breadth_probe/cases/face_003/igs_1p00/add_headphones/strong/seed_00/candidates/cand_016_g02_m08,16,cand_016_g02_m08,face_003__add_headphones__igs_1p00,0.045783042907714844,0.045783042907714844,phase3/outputs/clean_discovery/cases/face_003/add_headphones/igs_1p00/clean_edit.png,0.045783042907714844,True,0.0031818002462387085,,True,,"[[1, 0], [0, 1], [1, 1], [2, 0], [0, 2], [2, 1]]",metric_only_candidate,"['semantic_drop_small:0.0032', 'semantic_drop_small:0.0032']",0.0031818002462387085,5.031344152987003,face_003,0.34891770956026624,0.0031818002462387085,2,0.0,1.0,combined_tps_dct,7.5,False,1.0,data/face_003/instruct_512.png,False,0.0,3.0,0.02768584811334364,0.5921568870544434,0.009473835118114948,0.05996322631835917,31.154843360105442,0.9059963226318359,0.01863802969455719,0.01724638044834137,0.0013916492462158203,4.437643527984619,6.0,0.008296042680740356,0.0007010747989018758,0.8200967907905579,8,4,-0.007928386330604553,-0.0016701370477676392,0.3361905085753114,1.0,0.05882548957344668,0.8588235378265381,0.022514812648296356,24.60868899467108,0.8991114497184753,3.6743969917297363,phase3/outputs/breadth_probe/cases/face_003/igs_1p00/add_headphones/strong/seed_00/candidates/cand_016_g02_m08/flow.png,phase3/outputs/breadth_probe/cases/face_003/igs_1p00/add_headphones/strong/seed_00/candidates/cand_016_g02_m08/original.png,phase3/outputs/breadth_probe/cases/face_003/igs_1p00/add_headphones/strong/seed_00/candidates/cand_016_g02_m08/original_edited.png,phase3/outputs/breadth_probe/cases/face_003/igs_1p00/add_headphones/strong/seed_00/candidates/cand_016_g02_m08/perturbed.png,phase3/outputs/breadth_probe/cases/face_003/igs_1p00/add_headphones/strong/seed_00/candidates/cand_016_g02_m08/perturbed_edited.png,0.042601242661476135,0.042601242661476135,phase3_breadth_probe,0.34891770956026624,0.3361905085753114,"4.0*max(0,semantic_drop)+1.0*output_disruption-3.0*input_damage_penalty-1.0*geometry_excess_penalty",0.34891770956026624,add headphones,1,add_headphones,headphones,2,3,headphones,0.0179518461227417,0.015570133924484253,0.0023817121982574463,0.7547013759613037,37101,0.0031818002462387085,4.0,0.9,-0.009598523378372192,-0.007928386330604553,-0.0016701370477676392,4
phase3/outputs/breadth_probe/cases/face_008/igs_1p00/add_headphones/strong/seed_00/candidates/cand_008_g01_m08,strong,6.0,phase3/outputs/breadth_probe/cases/face_008/igs_1p00/add_headphones/strong/seed_00/candidates/cand_008_g01_m08,8,cand_008_g01_m08,face_008__add_headphones__igs_1p00,0.045426785945892334,0.045426785945892334,phase3/outputs/clean_discovery/cases/face_008/add_headphones/igs_1p00/clean_edit.png,0.045426785945892334,True,0.001975715160369873,,True,,"[[1, 0], [0, 1], [1, 1], [2, 0], [0, 2], [2, 1]]",metric_only_candidate,"['semantic_drop_small:0.0020', 'semantic_drop_small:0.0020']",0.001975715160369873,4.5612625777721405,face_008,0.34788973111360666,0.001975715160369873,1,0.0,1.0,region_local_mesh,7.5,False,1.0,data/face_008/instruct_512.png,False,0.0,3.0,0.029060501975614435,0.6078431606292725,0.00894242338836193,0.1857224702835081,30.733937764038313,0.9185722470283508,0.012075066566467285,0.011675029993057251,0.0004000365734100342,5.099031925201416,6.0,0.004668479164441426,0.002928574879964193,0.6744417548179626,8,4,-0.010432615876197815,0.0004000365734100342,0.33998687047212717,1.0,0.058469059513135246,0.8549019694328308,0.023041673004627228,24.66147783645447,0.8938893675804138,3.667961359024048,phase3/outputs/breadth_probe/cases/face_008/igs_1p00/add_headphones/strong/seed_00/candidates/cand_008_g01_m08/flow.png,phase3/outputs/breadth_probe/cases/face_008/igs_1p00/add_headphones/strong/seed_00/candidates/cand_008_g01_m08/original.png,phase3/outputs/breadth_probe/cases/face_008/igs_1p00/add_headphones/strong/seed_00/candidates/cand_008_g01_m08/original_edited.png,phase3/outputs/breadth_probe/cases/face_008/igs_1p00/add_headphones/strong/seed_00/candidates/cand_008_g01_m08/perturbed.png,phase3/outputs/breadth_probe/cases/face_008/igs_1p00/add_headphones/strong/seed_00/candidates/cand_008_g01_m08/perturbed_edited.png,0.04345107078552246,0.04345107078552246,phase3_breadth_probe,0.34788973111360666,0.33998687047212717,"4.0*max(0,semantic_drop)+1.0*output_disruption-3.0*input_damage_penalty-1.0*geometry_excess_penalty",0.34788973111360666,add headphones,1,add_headphones,headphones,6,3,headphones,0.018729060888290405,0.012763023376464844,0.0059660375118255615,0.8671822547912598,53101,0.001975715160369873,4.0,0.9,-0.008012965321540833,-0.010432615876197815,0.0024196505546569824,4
phase3/outputs/breadth_probe/cases/face_002/igs_1p00/add_a_hoodie/medium/seed_00/candidates/cand_014_g02_m06,medium,4.0,phase3/outputs/breadth_probe/cases/face_002/igs_1p00/add_a_hoodie/medium/seed_00/candidates/cand_014_g02_m06,14,cand_014_g02_m06,face_002__add_a_hoodie__igs_1p00,0.04749709367752075,0.04749709367752075,phase3/outputs/clean_discovery/cases/face_002/add_a_hoodie/igs_1p00/clean_edit.png,0.04749709367752075,True,0.0023800432682037354,,False,,"[[1, 0], [0, 1], [1, 1], [2, 0], [0, 2], [2, 1]]",metric_only_candidate,"['semantic_drop_small:0.0024', 'semantic_drop_small:0.0024']",0.0023800432682037354,4.6813169829547405,face_002,0.3474487456983065,0.0023800432682037354,2,0.0,1.0,region_local_tps,7.5,False,1.0,data/face_002/instruct_512.png,False,0.0,3.0,0.012092923060511754,0.3294118046760559,0.003572680987417698,0.5410879453023278,38.34937420509676,0.9724652767181396,,,,1.8311293125152588,4.0,,,0.2206476926803589,6,4,,,0.3379285726254916,1.0,0.0619262703584069,0.8392156958580017,0.026691734790802002,24.162501510268516,0.909776508808136,1.487729787826538,phase3/outputs/breadth_probe/cases/face_002/igs_1p00/add_a_hoodie/medium/seed_00/candidates/cand_014_g02_m06/flow.png,phase3/outputs/breadth_probe/cases/face_002/igs_1p00/add_a_hoodie/medium/seed_00/candidates/cand_014_g02_m06/original.png,phase3/outputs/breadth_probe/cases/face_002/igs_1p00/add_a_hoodie/medium/seed_00/candidates/cand_014_g02_m06/original_edited.png,phase3/outputs/breadth_probe/cases/face_002/igs_1p00/add_a_hoodie/medium/seed_00/candidates/cand_014_g02_m06/perturbed.png,phase3/outputs/breadth_probe/cases/face_002/igs_1p00/add_a_hoodie/medium/seed_00/candidates/cand_014_g02_m06/perturbed_edited.png,0.04511705040931702,0.04511705040931702,phase3_breadth_probe,0.3474487456983065,0.3379285726254916,"4.0*max(0,semantic_drop)+1.0*output_disruption-3.0*input_damage_penalty-1.0*geometry_excess_penalty",0.3474487456983065,add a hoodie,7,add_a_hoodie,clothing,5,1,clothing,,,,0.4671248197555542,36001,0.0023800432682037354,4.0,0.94,,,,4
phase3/outputs/breadth_probe/cases/face_002/igs_1p00/add_headphones/strong/seed_00/candidates/cand_001_g01_m01,strong,6.0,phase3/outputs/breadth_probe/cases/face_002/igs_1p00/add_headphones/strong/seed_00/candidates/cand_001_g01_m01,1,cand_001_g01_m01,face_002__add_headphones__igs_1p00,0.05116361379623413,0.05116361379623413,phase3/outputs/clean_discovery/cases/face_002/add_headphones/igs_1p00/clean_edit.png,0.05116361379623413,True,0.005853444337844849,,True,,"[[1, 0], [0, 1], [1, 1], [2, 0], [0, 2], [2, 1]]",metric_only_candidate,"['semantic_drop_small:0.0059', 'semantic_drop_small:0.0059']",0.005853444337844849,4.788254080340266,face_002,0.34599866902024523,0.005853444337844849,1,0.0,1.0,combined_all,7.5,False,1.0,data/face_002/instruct_512.png,False,0.0,3.0,0.02682943057176931,0.6313725709915161,0.009934652596712112,0.18653666973113994,31.427770894054888,0.918653666973114,0.024231508374214172,0.026934653520584106,-0.002703145146369934,2.860521078109741,6.0,0.013562232255935669,-0.0014387617508570354,0.5480002164840698,1,4,-0.0075256675481796265,-0.0057668536901474,0.32258489166886584,1.0,0.05544633278049771,0.7607843279838562,0.02191925048828125,25.122543455891243,0.899200439453125,2.2254040241241455,phase3/outputs/breadth_probe/cases/face_002/igs_1p00/add_headphones/strong/seed_00/candidates/cand_001_g01_m01/flow.png,phase3/outputs/breadth_probe/cases/face_002/igs_1p00/add_headphones/strong/seed_00/candidates/cand_001_g01_m01/original.png,phase3/outputs/breadth_probe/cases/face_002/igs_1p00/add_headphones/strong/seed_00/candidates/cand_001_g01_m01/original_edited.png,phase3/outputs/breadth_probe/cases/face_002/igs_1p00/add_headphones/strong/seed_00/candidates/cand_001_g01_m01/perturbed.png,phase3/outputs/breadth_probe/cases/face_002/igs_1p00/add_headphones/strong/seed_00/candidates/cand_001_g01_m01/perturbed_edited.png,0.04531016945838928,0.04531016945838928,phase3_breadth_probe,0.34599866902024523,0.32258489166886584,"4.0*max(0,semantic_drop)+1.0*output_disruption-3.0*input_damage_penalty-1.0*geometry_excess_penalty",0.34599866902024523,add headphones,1,add_headphones,headphones,3,3,headphones,0.025431424379348755,0.021277710795402527,0.004153713583946228,0.48661407828330994,33101,0.005853444337844849,4.0,0.9,-0.013292521238327026,-0.0075256675481796265,-0.0057668536901474,4
phase3/outputs/breadth_probe/cases/face_002/igs_1p00/add_a_hoodie/strong/seed_00/candidates/cand_015_g02_m07,strong,6.0,phase3/outputs/breadth_probe/cases/face_002/igs_1p00/add_a_hoodie/strong/seed_00/candidates/cand_015_g02_m07,15,cand_015_g02_m07,face_002__add_a_hoodie__igs_1p00,0.04749709367752075,0.04749709367752075,phase3/outputs/clean_discovery/cases/face_002/add_a_hoodie/igs_1p00/clean_edit.png,0.04749709367752075,True,0.00023090839385986328,,False,,"[[1, 0], [0, 1], [1, 1], [2, 0], [0, 2], [2, 1]]",metric_only_candidate,"['semantic_drop_small:0.0002', 'semantic_drop_small:0.0002']",0.00023090839385986328,4.658862862735987,face_002,0.34439482154257584,0.00023090839385986328,2,0.0,1.0,region_local_mesh,7.5,False,1.0,data/face_002/instruct_512.png,False,0.0,3.0,0.013290221325798098,0.44705885648727417,0.0029931962490081787,0.7502154111862183,37.52935573137493,0.9750215411186218,,,,5.315136909484863,6.0,,,0.2696354389190674,7,4,,,0.3434711879671364,1.0,0.06195782587381076,0.8392156958580017,0.026171348989009857,24.158076604432598,0.9043601155281067,2.299299478530884,phase3/outputs/breadth_probe/cases/face_002/igs_1p00/add_a_hoodie/strong/seed_00/candidates/cand_015_g02_m07/flow.png,phase3/outputs/breadth_probe/cases/face_002/igs_1p00/add_a_hoodie/strong/seed_00/candidates/cand_015_g02_m07/original.png,phase3/outputs/breadth_probe/cases/face_002/igs_1p00/add_a_hoodie/strong/seed_00/candidates/cand_015_g02_m07/original_edited.png,phase3/outputs/breadth_probe/cases/face_002/igs_1p00/add_a_hoodie/strong/seed_00/candidates/cand_015_g02_m07/perturbed.png,phase3/outputs/breadth_probe/cases/face_002/igs_1p00/add_a_hoodie/strong/seed_00/candidates/cand_015_g02_m07/perturbed_edited.png,0.04726618528366089,0.04726618528366089,phase3_breadth_probe,0.34439482154257584,0.3434711879671364,"4.0*max(0,semantic_drop)+1.0*output_disruption-3.0*input_damage_penalty-1.0*geometry_excess_penalty",0.34439482154257584,add a hoodie,7,add_a_hoodie,clothing,10,1,clothing,,,,0.9633892774581909,36101,0.00023090839385986328,4.0,0.9,,,,4
phase3/outputs/breadth_probe/cases/face_002/igs_1p00/add_a_hoodie/strong/seed_00/candidates/cand_009_g02_m01,strong,6.0,phase3/outputs/breadth_probe/cases/face_002/igs_1p00/add_a_hoodie/strong/seed_00/candidates/cand_009_g02_m01,9,cand_009_g02_m01,face_002__add_a_hoodie__igs_1p00,0.04749709367752075,0.04749709367752075,phase3/outputs/clean_discovery/cases/face_002/add_a_hoodie/igs_1p00/clean_edit.png,0.04749709367752075,True,0.0007557272911071777,,False,,"[[1, 0], [0, 1], [1, 1], [2, 0], [0, 2], [2, 1]]",metric_only_candidate,"['semantic_drop_small:0.0008', 'semantic_drop_small:0.0008']",0.0007557272911071777,4.657496780157089,face_002,0.34328880881185364,0.0007557272911071777,2,0.0,1.0,combined_all,7.5,False,1.0,data/face_002/instruct_512.png,False,0.0,3.0,0.016002984663031492,0.2980392575263977,0.00495868781581521,0.5666342973709105,35.915980219631095,0.9566634297370911,,,,4.518669605255127,6.0,,,0.3747083842754364,1,4,,,0.34026589964742493,1.0,0.05986415588586288,0.8196078538894653,0.02594906836748123,24.456662737672264,0.8991907238960266,2.229567289352417,phase3/outputs/breadth_probe/cases/face_002/igs_1p00/add_a_hoodie/strong/seed_00/candidates/cand_009_g02_m01/flow.png,phase3/outputs/breadth_probe/cases/face_002/igs_1p00/add_a_hoodie/strong/seed_00/candidates/cand_009_g02_m01/original.png,phase3/outputs/breadth_probe/cases/face_002/igs_1p00/add_a_hoodie/strong/seed_00/candidates/cand_009_g02_m01/original_edited.png,phase3/outputs/breadth_probe/cases/face_002/igs_1p00/add_a_hoodie/strong/seed_00/candidates/cand_009_g02_m01/perturbed.png,phase3/outputs/breadth_probe/cases/face_002/igs_1p00/add_a_hoodie/strong/seed_00/candidates/cand_009_g02_m01/perturbed_edited.png,0.046741366386413574,0.046741366386413574,phase3_breadth_probe,0.34328880881185364,0.34026589964742493,"4.0*max(0,semantic_drop)+1.0*output_disruption-3.0*input_damage_penalty-1.0*geometry_excess_penalty",0.34328880881185364,add a hoodie,7,add_a_hoodie,clothing,11,1,clothing,,,,0.7691601514816284,36101,0.0007557272911071777,4.0,0.9,,,,4
